Date,Product,Category,Region,Sales_Rep,Units_Sold,Unit_Price,Revenue,Cost,Profit
2023-10-11,Tablet,Electronics,South,Charlie,7,1613.43,11294.02,7397.93,3896.09
2023-08-16,Printer,Accessories,South,Alice,8,1237.45,9899.61,6403.12,3496.49
2022-03-25,Smartphone,Electronics,East,Alice,19,289.95,5509.09,4064.47,1444.62
2023-04-06,Laptop,Electronics,East,Diana,4,371.45,1485.79,1181.6,304.19
2022-03-22,Smartphone,Electronics,West,Alice,2,1471.8,2943.6,2594.97,348.62
2023-01-31,Smartphone,Electronics,East,Alice,2,445.47,890.93,583.58,307.35
2023-06-06,Smartphone,Electronics,West,Alice,12,1262.14,15145.69,9119.52,6026.17
2023-11-09,Tablet,Electronics,North,Alice,17,1097.07,18650.22,13427.38,5222.84
2023-10-14,Laptop,Electronics,East,Diana,16,542.27,8676.25,5441.59,3234.66
2022-01-27,Smartphone,Electronics,East,Alice,19,826.68,15706.88,14057.17,1649.7
2022-01-12,Printer,Accessories,South,Charlie,3,1733.89,5201.66,4182.61,1019.05
2023-11-29,Printer,Accessories,East,Bob,9,223.6,2012.38,1780.29,232.1
2023-01-26,Smartphone,Electronics,West,Alice,14,1635.95,22903.37,15835.03,7068.34
2022-12-27,Monitor,Accessories,West,Alice,2,1400.04,2800.09,2049.79,750.29
2023-03-17,Laptop,Electronics,South,Alice,7,1258.99,8812.96,7490.65,1322.31
2022-12-10,Printer,Accessories,East,Diana,3,1827.71,5483.13,3715.55,1767.57
2022-02-24,Smartphone,Electronics,North,Diana,8,1535.19,12281.49,8935.36,3346.13
2022-01-02,Laptop,Electronics,West,Charlie,10,1178.63,11786.31,7182.5,4603.8
2022-08-09,Smartphone,Electronics,East,Alice,18,1572.75,28309.54,24964.76,3344.78
2023-10-03,Smartphone,Electronics,West,Charlie,4,1236.01,4944.04,4333.76,610.28
2023-12-27,Monitor,Accessories,East,Charlie,8,1183.84,9470.75,7162.26,2308.49
2023-11-02,Smartphone,Electronics,West,Alice,8,1704.61,13636.91,11239.49,2397.42
2023-12-30,Smartphone,Electronics,West,Diana,15,1674.6,25119.02,17759.8,7359.22
2022-02-23,Monitor,Accessories,East,Bob,13,367.76,4780.83,4019.05,761.78
2022-12-12,Printer,Accessories,South,Bob,1,129.71,129.71,94.3,35.41
2022-10-20,Smartphone,Electronics,South,Bob,1,477.56,477.56,287.33,190.23
2023-01-21,Smartphone,Electronics,North,Charlie,11,477.8,5255.81,4275.09,980.72
2023-01-04,Laptop,Electronics,North,Diana,3,1565.41,4696.24,2922.06,1774.18
2023-11-26,Smartphone,Electronics,South,Charlie,7,1337.05,9359.32,8184.62,1174.71
2022-07-13,Tablet,Electronics,West,Alice,9,1284.27,11558.4,8082.43,3475.96
2023-05-06,Smartphone,Electronics,East,Bob,16,804.55,12872.87,10306.7,2566.18
2022-08-15,Smartphone,Electronics,East,Diana,5,1486.25,7431.26,5880.11,1551.15
2022-09-06,Laptop,Electronics,South,Bob,3,997.21,2991.63,1902.31,1089.32
2023-12-05,Laptop,Electronics,East,Alice,14,1712.94,23981.11,19581.03,4400.08
2022-04-30,Smartphone,Electronics,West,Charlie,14,1038.21,14534.96,11000.35,3534.61
2023-08-09,Tablet,Electronics,North,Diana,15,310.69,4660.39,3410.48,1249.91
2022-05-11,Printer,Accessories,East,Alice,19,159.72,3034.59,2400.13,634.46
2022-12-13,Monitor,Accessories,East,Diana,4,1824.38,7297.51,4924.27,2373.24
2022-06-09,Laptop,Electronics,West,Charlie,13,1125.7,14634.07,9671.93,4962.15
2023-12-29,Monitor,Accessories,North,Alice,13,246.26,3201.4,2199.13,1002.28
2023-02-14,Tablet,Electronics,North,Charlie,2,1286.27,2572.55,1771.69,800.86
2022-03-25,Printer,Accessories,South,Alice,6,967.42,5804.49,3863.08,1941.42
2023-11-05,Laptop,Electronics,South,Charlie,11,716.26,7878.81,5015.86,2862.95
2022-10-18,Monitor,Accessories,South,Diana,7,1822.97,12760.82,8698.28,4062.54
2022-08-22,Laptop,Electronics,South,Bob,13,1735.39,22560.05,13583.08,8976.97
2022-07-30,Tablet,Electronics,North,Charlie,8,1114.77,8918.16,6648.03,2270.13
2023-03-07,Tablet,Electronics,East,Charlie,1,327.74,327.74,229.84,97.9
2022-12-26,Smartphone,Electronics,East,Alice,15,419.75,6296.29,4191.0,2105.3
2023-02-17,Monitor,Accessories,South,Charlie,9,867.29,7805.6,4835.32,2970.28
2023-12-17,Laptop,Electronics,East,Alice,12,578.39,6940.64,5199.75,1740.89
2022-01-10,Tablet,Electronics,North,Bob,17,381.37,6483.21,5830.49,652.72
2023-11-04,Printer,Accessories,South,Charlie,17,1955.57,33244.66,24046.23,9198.43
2022-10-20,Printer,Accessories,South,Bob,5,755.64,3778.18,2985.91,792.26
2022-08-11,Monitor,Accessories,North,Alice,2,1108.78,2217.55,1628.43,589.13
2022-03-20,Tablet,Electronics,East,Diana,6,559.91,3359.43,2693.06,666.37
2023-12-10,Printer,Accessories,South,Bob,11,802.34,8825.78,5936.64,2889.14
2022-08-26,Laptop,Electronics,West,Diana,6,798.79,4792.73,3784.78,1007.95
2022-10-29,Tablet,Electronics,North,Alice,6,857.77,5146.6,4348.51,798.09
2023-09-06,Printer,Accessories,East,Bob,16,1687.07,26993.2,18793.58,8199.61
2022-06-22,Monitor,Accessories,East,Bob,6,1422.04,8532.27,7316.48,1215.78
2023-01-02,Monitor,Accessories,North,Alice,4,131.52,526.07,396.46,129.61
2022-03-18,Laptop,Electronics,West,Charlie,19,762.47,14486.84,9110.09,5376.75
2022-01-30,Printer,Accessories,South,Diana,9,1412.78,12715.04,9104.23,3610.81
2022-01-14,Smartphone,Electronics,North,Alice,18,1691.65,30449.69,24442.18,6007.51
2022-06-11,Monitor,Accessories,East,Alice,18,1856.92,33424.52,28852.11,4572.41
2022-04-05,Tablet,Electronics,East,Bob,3,534.25,1602.74,1045.76,556.97
2022-11-08,Smartphone,Electronics,North,Bob,16,1154.88,18478.1,14022.94,4455.16
2022-12-04,Tablet,Electronics,North,Charlie,2,1992.88,3985.76,3545.84,439.93
2023-03-08,Tablet,Electronics,South,Charlie,5,1810.79,9053.97,7152.01,1901.96
2022-02-03,Laptop,Electronics,West,Alice,9,629.86,5668.7,4592.26,1076.44
2023-01-08,Smartphone,Electronics,East,Bob,16,1804.51,28872.15,25006.92,3865.23
2022-08-16,Tablet,Electronics,East,Diana,1,1319.86,1319.86,825.23,494.63
2022-11-27,Laptop,Electronics,West,Alice,8,1592.15,12737.18,10198.61,2538.56
2022-09-02,Monitor,Accessories,South,Bob,3,807.34,2422.01,2136.31,285.7
2022-06-14,Printer,Accessories,East,Bob,18,405.54,7299.64,5581.45,1718.19
2023-02-11,Printer,Accessories,West,Diana,3,1338.73,4016.18,2679.92,1336.26
2023-11-05,Printer,Accessories,North,Alice,1,134.34,134.34,100.51,33.83
2022-06-21,Monitor,Accessories,East,Charlie,16,1518.33,24293.34,19310.53,4982.81
2022-12-30,Monitor,Accessories,East,Charlie,7,1469.79,10288.5,7123.95,3164.56
2022-03-11,Printer,Accessories,North,Alice,16,277.98,4447.71,3159.28,1288.44
2023-07-17,Smartphone,Electronics,West,Charlie,14,1220.75,17090.56,15273.29,1817.28
2023-08-18,Printer,Accessories,North,Alice,19,1794.89,34102.88,26918.82,7184.06
2023-10-09,Printer,Accessories,North,Charlie,2,765.15,1530.3,1214.34,315.96
2023-05-04,Tablet,Electronics,North,Bob,15,1035.78,15536.75,10232.09,5304.67
2022-05-15,Smartphone,Electronics,North,Charlie,16,633.47,10135.48,6155.22,3980.26
2023-03-04,Monitor,Accessories,North,Diana,17,182.85,3108.4,2792.48,315.92
2023-10-01,Monitor,Accessories,North,Alice,14,1838.24,25735.39,18299.09,7436.3
2023-11-09,Printer,Accessories,West,Bob,9,1910.84,17197.53,12024.94,5172.59
2023-11-14,Monitor,Accessories,South,Charlie,14,1936.64,27113.02,24105.8,3007.21
2022-12-01,Smartphone,Electronics,East,Diana,1,243.16,243.16,168.19,74.96
2022-10-29,Tablet,Electronics,South,Charlie,1,702.15,702.15,456.99,245.16
2022-10-07,Smartphone,Electronics,East,Alice,10,1878.69,18786.94,15195.05,3591.9
2022-09-24,Laptop,Electronics,North,Diana,8,233.79,1870.33,1239.42,630.91
2023-02-15,Smartphone,Electronics,South,Alice,15,1981.1,29716.53,19078.76,10637.77
2022-09-02,Smartphone,Electronics,East,Bob,10,1767.01,17670.09,14528.89,3141.2
2023-12-17,Printer,Accessories,North,Diana,1,359.58,359.58,292.22,67.36
2022-03-04,Tablet,Electronics,East,Bob,7,657.82,4604.77,3880.94,723.83
2023-02-10,Laptop,Electronics,East,Bob,3,586.79,1760.38,1379.18,381.2
2023-05-03,Printer,Accessories,East,Alice,7,1052.88,7370.17,6187.17,1183.0
2023-05-11,Laptop,Electronics,North,Charlie,1,234.79,234.79,168.82,65.97
2023-01-23,Smartphone,Electronics,West,Diana,14,1791.01,25074.14,17586.97,7487.18
2023-02-25,Monitor,Accessories,West,Bob,2,278.57,557.13,430.93,126.2
2022-11-27,Laptop,Electronics,West,Diana,19,984.64,18708.09,14270.41,4437.68
2022-04-27,Monitor,Accessories,West,Diana,17,170.96,2906.35,2461.04,445.31
2023-09-20,Monitor,Accessories,West,Charlie,11,341.41,3755.56,2841.73,913.83
2022-01-20,Monitor,Accessories,West,Alice,12,1933.98,23207.74,17108.27,6099.47
2023-01-14,Laptop,Electronics,West,Bob,6,198.2,1189.17,903.06,286.11
2023-03-31,Printer,Accessories,South,Alice,15,1429.07,21436.1,13751.38,7684.71
2022-09-23,Laptop,Electronics,East,Diana,16,1954.12,31265.9,23602.32,7663.58
2023-11-07,Tablet,Electronics,East,Bob,19,1610.85,30606.22,20850.48,9755.74
2022-11-19,Tablet,Electronics,South,Alice,5,450.23,2251.17,1405.32,845.85
2022-02-03,Laptop,Electronics,East,Alice,9,1408.15,12673.35,7825.26,4848.09
2023-12-31,Laptop,Electronics,West,Charlie,1,940.47,940.47,631.94,308.53
2022-04-17,Printer,Accessories,North,Charlie,16,447.45,7159.13,6302.78,856.34
2022-05-24,Laptop,Electronics,South,Diana,1,1914.24,1914.24,1572.3,341.94
2023-10-07,Monitor,Accessories,North,Charlie,5,1262.27,6311.35,4581.28,1730.07
2022-02-25,Tablet,Electronics,North,Alice,12,1175.47,14105.65,9134.73,4970.92
2022-07-28,Smartphone,Electronics,South,Alice,14,274.42,3841.86,2413.63,1428.22
2022-07-23,Printer,Accessories,West,Bob,14,1961.07,27454.98,17917.09,9537.89
2022-01-22,Smartphone,Electronics,North,Charlie,16,285.88,4574.16,3419.11,1155.04
2023-11-11,Printer,Accessories,West,Charlie,7,757.98,5305.85,3923.15,1382.69
2023-10-27,Tablet,Electronics,East,Bob,5,857.16,4285.79,3363.3,922.5
2023-02-07,Monitor,Accessories,North,Bob,5,1784.69,8923.46,6052.5,2870.96
2022-07-25,Smartphone,Electronics,East,Diana,10,1289.13,12891.34,9680.63,3210.71
2022-04-02,Laptop,Electronics,West,Diana,1,1124.82,1124.82,905.69,219.13
2023-04-04,Printer,Accessories,North,Charlie,16,234.08,3745.29,2968.99,776.3
2022-10-27,Monitor,Accessories,East,Charlie,17,1747.68,29710.53,23498.68,6211.84
2023-05-05,Tablet,Electronics,South,Alice,12,837.52,10050.27,7969.73,2080.54
2022-11-21,Monitor,Accessories,North,Bob,1,1641.29,1641.29,1388.84,252.44
2023-10-21,Tablet,Electronics,North,Bob,12,833.6,10003.14,8886.36,1116.78
2022-10-28,Smartphone,Electronics,South,Charlie,10,492.7,4927.0,3361.14,1565.86
2023-03-14,Laptop,Electronics,West,Diana,12,291.48,3497.74,2117.76,1379.97
2022-09-29,Monitor,Accessories,North,Diana,19,1274.68,24218.97,16976.68,7242.29
2023-01-23,Tablet,Electronics,West,Diana,8,832.25,6658.03,5356.28,1301.75
2022-09-30,Tablet,Electronics,West,Alice,2,595.32,1190.64,891.56,299.08
2022-03-15,Tablet,Electronics,North,Charlie,18,1294.99,23309.85,20122.03,3187.82
2023-11-24,Laptop,Electronics,East,Charlie,4,894.1,3576.39,3183.97,392.42
2022-11-15,Monitor,Accessories,South,Alice,4,437.14,1748.54,1442.87,305.67
2023-12-27,Tablet,Electronics,West,Diana,3,1981.96,5945.88,4303.54,1642.34
2023-09-20,Tablet,Electronics,West,Alice,18,575.03,10350.56,8013.02,2337.54
2023-05-30,Tablet,Electronics,West,Charlie,5,553.33,2766.67,2224.27,542.4
2023-02-22,Smartphone,Electronics,South,Alice,3,295.94,887.81,773.07,114.73
2023-09-28,Printer,Accessories,West,Bob,16,840.27,13444.39,9267.09,4177.3
2022-06-03,Monitor,Accessories,West,Diana,19,839.48,15950.18,9621.97,6328.21
2023-04-13,Smartphone,Electronics,West,Charlie,9,1709.57,15386.15,10869.88,4516.27
2022-12-16,Tablet,Electronics,East,Diana,14,1385.86,19402.08,14449.82,4952.26
2022-04-26,Printer,Accessories,West,Bob,15,258.24,3873.61,2430.73,1442.87
2023-07-04,Printer,Accessories,West,Alice,12,724.46,8693.55,6970.1,1723.45
2022-10-23,Tablet,Electronics,West,Charlie,4,1897.77,7591.08,6333.91,1257.17
2022-06-18,Tablet,Electronics,West,Diana,7,273.29,1913.04,1431.58,481.46
2022-05-02,Smartphone,Electronics,North,Alice,7,1992.27,13945.89,8601.28,5344.6
2022-12-15,Printer,Accessories,West,Charlie,3,1786.64,5359.91,3780.21,1579.7
2022-09-22,Tablet,Electronics,North,Charlie,18,1940.44,34927.9,28166.17,6761.73
2023-08-05,Monitor,Accessories,North,Alice,12,1747.05,20964.61,17852.29,3112.32
2022-05-23,Printer,Accessories,West,Bob,14,1431.84,20045.78,12465.04,7580.73
2022-11-08,Laptop,Electronics,North,Diana,18,1794.6,32302.87,20802.45,11500.42
2023-12-20,Monitor,Accessories,West,Alice,5,543.13,2715.67,2102.99,612.68
2023-04-07,Tablet,Electronics,South,Alice,13,804.22,10454.86,8822.23,1632.63
2022-03-23,Laptop,Electronics,South,Alice,7,1973.4,13813.81,11410.4,2403.42
2023-03-06,Printer,Accessories,South,Charlie,6,1445.54,8673.27,6457.25,2216.02
2023-05-23,Tablet,Electronics,North,Charlie,12,1160.97,13931.62,10132.0,3799.62
2022-06-17,Laptop,Electronics,West,Diana,19,311.28,5914.23,4422.59,1491.64
2023-05-01,Monitor,Accessories,West,Alice,13,869.88,11308.49,8723.84,2584.65
2023-01-16,Tablet,Electronics,South,Diana,8,323.3,2586.4,2055.57,530.82
2022-03-27,Monitor,Accessories,North,Charlie,1,1393.97,1393.97,935.71,458.27
2022-10-04,Monitor,Accessories,West,Alice,17,257.49,4377.39,3320.3,1057.09
2022-03-19,Monitor,Accessories,East,Diana,6,1624.01,9744.05,8705.04,1039.01
2022-06-14,Monitor,Accessories,North,Bob,13,182.0,2366.05,2052.18,313.87
2023-11-15,Printer,Accessories,East,Charlie,11,1846.32,20309.52,13727.14,6582.37
2023-05-16,Printer,Accessories,West,Diana,19,1941.67,36891.82,27924.5,8967.32
2022-03-19,Laptop,Electronics,North,Alice,9,511.94,4607.44,3171.52,1435.92
2023-05-02,Tablet,Electronics,South,Charlie,1,1292.36,1292.36,1001.96,290.4
2022-05-24,Tablet,Electronics,East,Bob,16,1500.49,24007.86,20996.71,3011.15
2022-10-06,Smartphone,Electronics,West,Diana,10,1905.78,19057.82,16524.64,2533.18
2022-04-24,Smartphone,Electronics,North,Alice,12,302.84,3634.04,2546.36,1087.67
2022-05-05,Printer,Accessories,South,Bob,4,981.03,3924.11,2770.44,1153.67
2023-11-21,Printer,Accessories,East,Bob,18,605.28,10895.08,7714.84,3180.23
2023-08-24,Printer,Accessories,North,Charlie,4,1973.8,7895.2,6390.76,1504.44
2023-02-24,Laptop,Electronics,South,Alice,17,631.55,10736.36,7766.28,2970.09
2022-09-22,Monitor,Accessories,West,Diana,13,1400.99,18212.86,11816.23,6396.63
2022-08-30,Smartphone,Electronics,East,Charlie,14,244.78,3426.93,3023.1,403.83
2023-04-19,Printer,Accessories,East,Bob,19,1478.87,28098.47,22029.89,6068.58
2022-08-04,Printer,Accessories,East,Charlie,2,257.22,514.44,443.96,70.48
2022-06-16,Monitor,Accessories,South,Bob,13,413.19,5371.41,3885.55,1485.86
2023-09-27,Monitor,Accessories,South,Diana,1,1012.7,1012.7,906.96,105.74
2023-07-07,Laptop,Electronics,East,Bob,11,1228.85,13517.33,9654.99,3862.34
2023-01-23,Tablet,Electronics,East,Bob,17,1692.82,28778.02,21313.23,7464.79
2022-09-27,Tablet,Electronics,North,Diana,3,354.32,1062.96,642.13,420.82
2022-06-22,Monitor,Accessories,East,Bob,6,1414.26,8485.54,6451.59,2033.95
2022-08-06,Smartphone,Electronics,North,Bob,5,1993.61,9968.05,7641.8,2326.25
2023-06-10,Printer,Accessories,East,Diana,5,1479.63,7398.15,6119.19,1278.96
2022-05-26,Smartphone,Electronics,North,Alice,19,569.96,10829.27,7961.28,2867.99
2022-11-07,Monitor,Accessories,West,Diana,14,577.74,8088.37,5519.66,2568.71
2023-12-22,Smartphone,Electronics,North,Bob,4,534.42,2137.69,1713.38,424.31
2023-04-12,Laptop,Electronics,North,Charlie,2,780.51,1561.02,989.79,571.23
2022-11-06,Tablet,Electronics,West,Diana,2,1004.8,2009.6,1706.98,302.62
2023-06-03,Monitor,Accessories,West,Charlie,18,1719.14,30944.61,23690.33,7254.28
2022-10-19,Printer,Accessories,West,Bob,5,267.98,1339.88,1122.21,217.67
2022-06-13,Smartphone,Electronics,East,Diana,17,354.63,6028.69,3669.27,2359.42
2023-07-25,Smartphone,Electronics,West,Alice,15,1590.87,23863.05,18894.96,4968.09
2023-04-16,Printer,Accessories,West,Bob,11,504.63,5550.95,3557.67,1993.28
2023-09-04,Smartphone,Electronics,North,Bob,2,766.12,1532.23,1190.51,341.73
2022-09-04,Laptop,Electronics,North,Charlie,15,931.2,13968.04,12169.62,1798.42
2022-08-06,Printer,Accessories,North,Charlie,6,956.73,5740.38,5012.16,728.22
2023-07-24,Monitor,Accessories,West,Alice,10,1738.49,17384.91,15383.15,2001.76
2022-03-03,Tablet,Electronics,East,Alice,4,972.76,3891.04,3317.6,573.43
2023-09-10,Laptop,Electronics,East,Alice,17,590.66,10041.29,7407.87,2633.42
2022-04-06,Tablet,Electronics,South,Diana,2,1279.53,2559.06,1802.15,756.91
2022-03-14,Tablet,Electronics,East,Charlie,11,1201.33,13214.68,9282.91,3931.78
2022-08-28,Monitor,Accessories,West,Charlie,15,344.87,5173.07,3302.56,1870.51
2023-09-08,Laptop,Electronics,East,Diana,11,363.77,4001.49,3170.23,831.26
2022-11-16,Laptop,Electronics,South,Charlie,8,1423.35,11386.82,8238.35,3148.47
2023-01-03,Tablet,Electronics,East,Bob,3,1078.95,3236.85,2887.05,349.8
2023-09-15,Printer,Accessories,East,Alice,19,177.65,3375.36,2196.28,1179.08
2022-09-09,Smartphone,Electronics,West,Alice,10,436.32,4363.2,2734.03,1629.17
2022-10-17,Smartphone,Electronics,West,Diana,1,1115.4,1115.4,788.37,327.04
2023-04-19,Smartphone,Electronics,North,Diana,14,792.11,11089.58,8328.55,2761.03
2023-12-03,Tablet,Electronics,West,Diana,13,711.01,9243.09,5801.77,3441.32
2022-05-31,Smartphone,Electronics,West,Diana,15,1293.01,19395.16,12112.82,7282.35
2022-09-03,Laptop,Electronics,South,Diana,11,1849.66,20346.23,12580.55,7765.68
2022-01-02,Laptop,Electronics,West,Charlie,4,1631.78,6527.13,5381.47,1145.66
2023-08-13,Monitor,Accessories,East,Diana,15,1119.52,16792.83,14730.88,2061.95
2023-11-26,Tablet,Electronics,North,Diana,14,1274.68,17845.58,12682.39,5163.19
2023-05-08,Laptop,Electronics,North,Charlie,2,1520.19,3040.39,1857.69,1182.7
2023-11-11,Tablet,Electronics,East,Bob,19,1455.36,27651.92,24017.41,3634.51
2023-05-26,Smartphone,Electronics,West,Charlie,14,1524.27,21339.79,12998.96,8340.84
2022-10-28,Smartphone,Electronics,East,Diana,18,950.08,17101.5,12993.47,4108.03
2022-12-22,Laptop,Electronics,North,Diana,15,299.25,4488.77,3686.28,802.5
2022-12-19,Printer,Accessories,South,Diana,10,1171.53,11715.34,9983.96,1731.37
2023-01-14,Monitor,Accessories,East,Charlie,12,543.11,6517.33,4580.89,1936.44
2022-04-11,Monitor,Accessories,South,Bob,4,774.7,3098.79,2462.45,636.35
2023-01-01,Laptop,Electronics,West,Charlie,18,265.15,4772.67,3632.63,1140.04
2022-05-19,Monitor,Accessories,East,Alice,2,1159.71,2319.42,1799.78,519.64
2022-11-06,Laptop,Electronics,South,Diana,12,342.4,4108.83,2815.09,1293.74
2023-11-27,Printer,Accessories,South,Diana,6,1809.33,10855.98,8492.27,2363.71
2023-01-03,Smartphone,Electronics,South,Alice,13,727.66,9459.61,8325.47,1134.14
2023-04-13,Smartphone,Electronics,West,Bob,6,794.18,4765.07,3556.37,1208.69
2022-12-05,Monitor,Accessories,East,Bob,11,266.99,2936.85,2472.12,464.73
2023-10-31,Printer,Accessories,North,Alice,9,252.44,2272.0,1720.7,551.29
2022-06-04,Laptop,Electronics,North,Alice,8,1424.23,11393.81,10245.05,1148.76
2022-11-16,Smartphone,Electronics,East,Alice,6,855.93,5135.55,4574.96,560.59
2022-07-09,Monitor,Accessories,East,Charlie,4,110.07,440.28,392.96,47.32
2022-11-02,Smartphone,Electronics,East,Charlie,6,1370.42,8222.53,7226.07,996.47
2022-06-03,Tablet,Electronics,West,Charlie,15,1116.57,16748.55,12443.93,4304.61
2023-08-18,Laptop,Electronics,East,Diana,13,1562.04,20306.48,13323.35,6983.13
2023-02-11,Smartphone,Electronics,North,Alice,4,908.33,3633.32,2733.28,900.03
2023-09-11,Printer,Accessories,North,Bob,17,1106.7,18813.83,15280.01,3533.82
2022-10-13,Laptop,Electronics,South,Charlie,14,648.4,9077.57,7029.41,2048.16
2023-08-14,Monitor,Accessories,West,Charlie,11,1870.83,20579.1,14327.02,6252.08
2022-02-23,Smartphone,Electronics,East,Diana,3,198.46,595.39,417.36,178.03
2022-03-24,Tablet,Electronics,East,Charlie,10,1142.35,11423.46,8735.25,2688.21
2023-06-03,Tablet,Electronics,West,Charlie,2,712.47,1424.94,1201.17,223.77
2022-01-18,Tablet,Electronics,North,Bob,1,363.77,363.77,218.56,145.21
2022-06-22,Printer,Accessories,North,Charlie,9,1231.71,11085.42,8219.54,2865.88
2022-12-06,Tablet,Electronics,North,Charlie,3,762.85,2288.55,2011.31,277.24
2022-12-02,Monitor,Accessories,South,Bob,12,876.18,10514.22,9251.26,1262.95
2022-03-18,Laptop,Electronics,East,Diana,11,1882.85,20711.32,13552.86,7158.45
2023-03-20,Laptop,Electronics,West,Charlie,3,1860.25,5580.76,4556.57,1024.19
2023-01-04,Tablet,Electronics,East,Bob,8,1673.09,13384.7,11044.39,2340.31
2023-07-26,Tablet,Electronics,West,Bob,3,412.11,1236.32,1043.91,192.4
2022-06-27,Laptop,Electronics,North,Charlie,14,1093.82,15313.54,10836.61,4476.93
2023-06-14,Tablet,Electronics,East,Alice,13,1217.78,15831.17,12742.43,3088.75
2022-04-25,Monitor,Accessories,South,Diana,8,934.36,7474.85,5330.19,2144.66
2022-02-08,Laptop,Electronics,West,Charlie,19,1285.79,24430.07,18614.11,5815.96
2022-06-21,Laptop,Electronics,East,Alice,15,1197.22,17958.36,12689.53,5268.83
2023-02-21,Smartphone,Electronics,East,Bob,15,829.39,12440.9,9493.23,2947.67
2022-11-29,Printer,Accessories,South,Charlie,8,535.15,4281.19,3265.92,1015.26
2022-01-31,Printer,Accessories,South,Charlie,6,1885.68,11314.09,8919.03,2395.05
2022-11-25,Printer,Accessories,West,Bob,8,1418.06,11344.51,7374.15,3970.36
2022-07-20,Monitor,Accessories,North,Alice,15,1278.14,19172.07,14571.51,4600.56
2023-10-08,Monitor,Accessories,East,Charlie,7,1188.99,8322.91,7484.85,838.05
2022-01-13,Monitor,Accessories,South,Alice,1,1443.26,1443.26,1203.06,240.2
2023-05-14,Smartphone,Electronics,North,Diana,1,163.71,163.71,126.22,37.5
2023-11-05,Tablet,Electronics,East,Bob,10,1038.56,10385.65,8582.6,1803.05
2023-02-09,Monitor,Accessories,West,Bob,6,1119.31,6715.89,4792.77,1923.12
2023-10-27,Printer,Accessories,North,Bob,13,342.23,4448.97,3199.64,1249.33
2022-07-10,Printer,Accessories,North,Charlie,8,384.84,3078.74,2058.99,1019.76
2022-12-23,Printer,Accessories,South,Alice,12,1566.58,18798.91,11348.17,7450.74
2022-07-08,Monitor,Accessories,East,Charlie,19,1418.5,26951.54,20559.1,6392.44
2023-01-19,Smartphone,Electronics,South,Charlie,11,1238.16,13619.71,11550.06,2069.66
2022-12-21,Printer,Accessories,East,Bob,10,750.8,7507.96,5016.86,2491.1
2022-11-14,Tablet,Electronics,East,Alice,15,647.07,9705.99,7614.21,2091.79
2022-10-05,Printer,Accessories,West,Bob,13,364.32,4736.17,2984.92,1751.25
2022-10-10,Printer,Accessories,West,Charlie,1,134.41,134.41,115.81,18.6
2023-07-04,Printer,Accessories,East,Charlie,12,294.2,3530.45,3091.35,439.1
2023-05-19,Tablet,Electronics,East,Alice,5,1852.75,9263.74,7523.75,1739.99
2022-10-22,Laptop,Electronics,West,Diana,10,1565.37,15653.69,11150.6,4503.09
2022-07-13,Tablet,Electronics,West,Alice,9,905.85,8152.63,6692.77,1459.87
2023-08-20,Tablet,Electronics,South,Bob,8,1696.84,13574.68,11853.49,1721.19
2022-05-14,Monitor,Accessories,West,Bob,1,315.15,315.15,282.2,32.95
2023-01-23,Monitor,Accessories,North,Alice,14,454.01,6356.14,5410.64,945.49
2023-08-26,Monitor,Accessories,West,Bob,1,1752.8,1752.8,1324.51,428.29
2022-12-26,Printer,Accessories,West,Alice,8,1255.0,10039.99,7166.47,2873.53
2023-05-17,Tablet,Electronics,South,Diana,9,490.6,4415.41,3692.77,722.64
2022-11-25,Laptop,Electronics,East,Charlie,9,317.11,2853.97,2067.28,786.69
2022-07-27,Laptop,Electronics,South,Bob,11,1853.62,20389.87,15082.59,5307.28
2022-01-31,Laptop,Electronics,West,Alice,2,1845.06,3690.13,2863.98,826.14
2023-11-11,Tablet,Electronics,West,Charlie,12,1834.22,22010.69,14845.5,7165.18
2022-11-16,Tablet,Electronics,North,Bob,7,414.48,2901.33,1770.28,1131.04
2023-06-04,Tablet,Electronics,North,Charlie,1,788.55,788.55,610.48,178.07
2023-12-06,Printer,Accessories,South,Alice,18,1360.72,24492.98,16003.98,8489.0
2023-06-12,Tablet,Electronics,West,Diana,9,382.46,3442.13,2493.44,948.7
2023-12-04,Laptop,Electronics,East,Diana,8,1054.17,8433.36,6566.35,1867.02
2023-10-15,Laptop,Electronics,West,Alice,13,854.9,11113.76,8091.22,3022.53
2022-07-01,Printer,Accessories,West,Bob,19,763.84,14512.87,10746.34,3766.53
2023-01-12,Smartphone,Electronics,East,Alice,17,169.44,2880.55,2136.28,744.28
2022-10-18,Laptop,Electronics,East,Alice,8,1216.16,9729.29,6695.83,3033.46
2023-09-27,Tablet,Electronics,West,Alice,19,961.25,18263.73,13831.43,4432.29
2022-04-21,Laptop,Electronics,East,Charlie,17,861.45,14644.65,11245.51,3399.14
2023-02-28,Monitor,Accessories,East,Diana,4,445.66,1782.65,1530.47,252.18
2022-01-05,Smartphone,Electronics,West,Alice,7,1531.17,10718.17,7306.48,3411.7
2023-01-02,Smartphone,Electronics,North,Alice,19,1323.6,25148.38,18172.73,6975.65
2022-01-18,Smartphone,Electronics,North,Diana,18,1747.29,31451.19,22720.19,8731.0
2023-07-19,Tablet,Electronics,West,Diana,3,539.04,1617.13,1296.24,320.89
2023-09-09,Tablet,Electronics,East,Charlie,8,297.81,2382.45,2001.2,381.25
2023-01-06,Printer,Accessories,North,Diana,3,1786.17,5358.52,4110.08,1248.45
2023-11-10,Smartphone,Electronics,West,Charlie,8,288.94,2311.51,1555.53,755.98
2023-12-16,Laptop,Electronics,North,Bob,14,1246.08,17445.05,14689.69,2755.36
2022-08-28,Tablet,Electronics,West,Alice,16,854.65,13674.38,10945.32,2729.06
2022-10-20,Printer,Accessories,North,Alice,14,656.98,9197.73,7991.91,1205.82
2022-03-14,Tablet,Electronics,North,Charlie,7,1303.16,9122.1,7487.16,1634.94
2023-09-29,Monitor,Accessories,South,Charlie,19,333.28,6332.25,5464.31,867.94
2022-06-12,Monitor,Accessories,West,Charlie,18,1796.08,32329.37,27325.85,5003.52
2023-11-25,Smartphone,Electronics,South,Charlie,11,592.9,6521.95,4656.07,1865.88
2023-12-26,Printer,Accessories,East,Diana,12,1678.24,20138.92,14168.89,5970.03
2023-09-07,Printer,Accessories,South,Bob,9,928.64,8357.76,5752.98,2604.78
2023-11-21,Smartphone,Electronics,West,Charlie,12,366.22,4394.58,3781.71,612.87
2022-09-20,Tablet,Electronics,East,Charlie,14,995.02,13930.34,9119.25,4811.09
2023-11-07,Tablet,Electronics,North,Alice,18,142.69,2568.45,1748.1,820.35
2023-12-28,Laptop,Electronics,East,Charlie,8,1427.81,11422.46,8232.91,3189.55
2022-06-14,Smartphone,Electronics,East,Alice,9,364.78,3282.99,2792.11,490.88
2022-03-29,Smartphone,Electronics,West,Diana,4,351.32,1405.3,1222.85,182.45
2023-08-25,Smartphone,Electronics,West,Bob,2,617.38,1234.77,747.67,487.09
2023-02-02,Smartphone,Electronics,West,Charlie,18,1106.36,19914.43,16818.06,3096.37
2023-12-26,Smartphone,Electronics,East,Bob,9,620.7,5586.34,4280.56,1305.79
2022-04-29,Monitor,Accessories,North,Bob,6,1676.51,10059.06,6658.35,3400.7
2022-12-14,Smartphone,Electronics,West,Charlie,10,366.04,3660.35,2485.76,1174.59
2023-02-02,Tablet,Electronics,South,Diana,6,1491.15,8946.9,6041.12,2905.78
2023-04-05,Smartphone,Electronics,North,Alice,13,1363.57,17726.41,11568.45,6157.95
2023-08-25,Monitor,Accessories,West,Diana,13,1692.4,22001.24,15869.81,6131.43
2022-09-28,Printer,Accessories,North,Alice,14,189.24,2649.29,1721.74,927.56
2022-08-18,Monitor,Accessories,North,Bob,11,450.3,4953.35,3106.25,1847.1
2022-07-24,Laptop,Electronics,North,Diana,19,566.16,10757.1,7710.57,3046.53
2022-07-14,Laptop,Electronics,North,Alice,8,930.67,7445.34,6512.1,933.24
2022-04-20,Printer,Accessories,East,Charlie,7,1259.77,8818.38,7802.43,1015.95
2022-09-02,Monitor,Accessories,South,Alice,15,1912.77,28691.48,18376.9,10314.58
2022-10-24,Tablet,Electronics,South,Alice,1,612.83,612.83,466.95,145.88
2023-05-21,Monitor,Accessories,South,Charlie,19,1230.65,23382.31,14390.12,8992.19
2022-07-11,Tablet,Electronics,North,Alice,13,393.88,5120.4,4029.76,1090.65
2022-07-09,Monitor,Accessories,West,Charlie,2,302.54,605.07,376.68,228.39
2023-07-23,Laptop,Electronics,South,Alice,17,884.31,15033.23,12199.13,2834.1
2022-09-05,Tablet,Electronics,South,Alice,8,926.17,7409.38,4993.33,2416.04
2022-09-08,Tablet,Electronics,East,Charlie,3,247.75,743.26,446.48,296.78
2022-09-23,Smartphone,Electronics,South,Diana,19,617.08,11724.44,9110.7,2613.74
2023-02-28,Smartphone,Electronics,North,Charlie,19,697.73,13256.94,11165.38,2091.56
2022-11-15,Laptop,Electronics,North,Charlie,17,359.96,6119.24,5415.96,703.28
2022-08-12,Laptop,Electronics,East,Bob,17,451.75,7679.79,5856.38,1823.41
2023-05-08,Tablet,Electronics,East,Charlie,19,1491.23,28333.32,23855.76,4477.56
2023-04-25,Laptop,Electronics,East,Diana,5,1415.33,7076.63,6048.81,1027.82
2022-01-22,Smartphone,Electronics,West,Charlie,18,1029.91,18538.33,12353.26,6185.08
2022-06-24,Laptop,Electronics,East,Alice,9,1893.71,17043.41,10427.64,6615.78
2022-06-19,Smartphone,Electronics,North,Charlie,10,1217.7,12177.01,10956.95,1220.06
2023-11-10,Monitor,Accessories,West,Bob,7,164.5,1151.48,931.81,219.67
2023-01-28,Smartphone,Electronics,South,Alice,9,465.94,4193.44,2661.09,1532.35
2023-08-23,Monitor,Accessories,West,Diana,18,1515.62,27281.21,16817.9,10463.3
2023-03-10,Smartphone,Electronics,South,Charlie,3,706.29,2118.87,1798.23,320.64
2022-04-27,Monitor,Accessories,North,Charlie,17,1335.32,22700.41,16103.88,6596.53
2023-02-26,Monitor,Accessories,South,Alice,12,329.08,3948.92,2460.52,1488.41
2023-03-06,Monitor,Accessories,South,Diana,5,1107.5,5537.52,4055.18,1482.34
2023-03-03,Tablet,Electronics,North,Charlie,12,1187.61,14251.35,11988.14,2263.21
2023-04-03,Printer,Accessories,South,Diana,4,1602.37,6409.5,4458.61,1950.89
2022-03-12,Printer,Accessories,West,Bob,18,1088.32,19589.75,14262.22,5327.53
2022-06-18,Monitor,Accessories,West,Alice,12,542.62,6511.48,3954.55,2556.92
2023-07-29,Printer,Accessories,North,Charlie,10,1981.65,19816.48,11891.3,7925.18
2023-07-06,Smartphone,Electronics,South,Charlie,13,1104.98,14364.75,12665.69,1699.06
2022-11-17,Laptop,Electronics,East,Charlie,3,233.06,699.17,421.49,277.68
2023-08-04,Smartphone,Electronics,North,Diana,17,863.67,14682.37,10923.13,3759.23
2022-10-27,Monitor,Accessories,South,Alice,16,1759.99,28159.78,25209.34,2950.44
2022-01-05,Laptop,Electronics,East,Alice,10,274.23,2742.29,1922.1,820.19
2022-03-25,Laptop,Electronics,East,Alice,5,1491.32,7456.58,4481.44,2975.15
2023-04-05,Monitor,Accessories,North,Diana,13,773.78,10059.17,6902.32,3156.85
2022-09-27,Monitor,Accessories,West,Diana,4,1459.55,5838.21,4534.72,1303.48
2023-05-05,Smartphone,Electronics,East,Diana,16,133.96,2143.37,1921.14,222.23
2023-09-27,Tablet,Electronics,East,Bob,9,307.99,2771.9,1988.8,783.09
2023-07-17,Laptop,Electronics,West,Bob,4,514.68,2058.73,1821.95,236.78
2023-08-23,Printer,Accessories,East,Charlie,5,269.88,1349.4,978.69,370.72
2022-08-20,Laptop,Electronics,West,Diana,14,1241.52,17381.24,15141.1,2240.14
2023-03-10,Tablet,Electronics,West,Bob,2,417.36,834.73,749.04,85.68
2022-07-31,Monitor,Accessories,North,Alice,8,1891.19,15129.52,12026.37,3103.16
2022-02-27,Monitor,Accessories,South,Bob,19,1074.11,20408.06,13657.09,6750.97
2022-03-23,Smartphone,Electronics,North,Alice,2,829.77,1659.54,1014.01,645.53
2023-07-16,Tablet,Electronics,East,Charlie,3,1669.79,5009.37,4209.03,800.34
2023-02-02,Laptop,Electronics,South,Bob,15,511.02,7665.23,5790.92,1874.32
2022-07-09,Monitor,Accessories,South,Diana,17,430.4,7316.82,5259.86,2056.96
2022-04-29,Laptop,Electronics,West,Charlie,18,1033.25,18598.57,16718.27,1880.3
2022-05-17,Monitor,Accessories,East,Bob,3,1650.08,4950.25,3303.46,1646.79
2022-08-22,Monitor,Accessories,West,Diana,15,166.24,2493.66,2165.68,327.97
2023-03-14,Monitor,Accessories,North,Diana,5,273.82,1369.12,1181.88,187.24
2022-09-08,Laptop,Electronics,South,Bob,3,618.62,1855.87,1378.92,476.95
2022-11-22,Laptop,Electronics,North,Charlie,3,1915.74,5747.21,4934.78,812.44
2022-02-10,Tablet,Electronics,East,Alice,9,725.2,6526.78,5740.15,786.63
2022-05-25,Tablet,Electronics,East,Bob,11,265.27,2918.02,2108.38,809.65
2023-03-09,Laptop,Electronics,South,Charlie,15,109.66,1644.84,1330.21,314.63
2022-08-17,Printer,Accessories,South,Bob,16,1042.16,16674.62,10410.2,6264.42
2022-07-26,Smartphone,Electronics,North,Alice,16,1398.19,22371.07,13933.58,8437.49
2022-03-11,Smartphone,Electronics,West,Bob,17,216.88,3687.0,3188.78,498.22
2023-06-26,Tablet,Electronics,East,Alice,19,1666.89,31670.98,22307.23,9363.76
2022-11-30,Printer,Accessories,North,Alice,2,1133.18,2266.36,1947.59,318.77
2022-01-25,Printer,Accessories,West,Charlie,1,1769.4,1769.4,1484.93,284.47
2022-04-21,Laptop,Electronics,South,Bob,8,566.04,4528.34,2930.75,1597.59
2022-01-10,Tablet,Electronics,West,Diana,16,1445.89,23134.23,19689.64,3444.6
2023-06-06,Monitor,Accessories,East,Charlie,10,301.08,3010.85,2437.88,572.97
2023-04-03,Laptop,Electronics,South,Charlie,7,1775.11,12425.77,11038.99,1386.78
2023-11-11,Tablet,Electronics,East,Diana,19,1770.24,33634.48,20232.6,13401.88
2022-01-22,Monitor,Accessories,West,Bob,11,534.39,5878.27,5129.44,748.83
2022-02-26,Tablet,Electronics,West,Alice,18,1654.14,29774.47,25297.59,4476.88
2023-11-09,Printer,Accessories,West,Diana,12,112.13,1345.6,923.23,422.37
2022-01-22,Smartphone,Electronics,West,Bob,14,720.22,10083.13,7743.38,2339.76
2022-06-19,Monitor,Accessories,South,Alice,8,593.63,4749.01,3752.68,996.34
2023-07-31,Smartphone,Electronics,East,Diana,13,1581.71,20562.18,12997.24,7564.95
2022-01-09,Monitor,Accessories,North,Alice,7,1128.41,7898.85,7021.26,877.58
2022-09-30,Printer,Accessories,South,Alice,15,1870.85,28062.8,17700.69,10362.11
2023-02-06,Printer,Accessories,South,Alice,4,430.13,1720.53,1430.2,290.33
2023-12-22,Printer,Accessories,South,Alice,4,671.83,2687.32,2183.32,504.0
2023-06-12,Monitor,Accessories,North,Diana,17,1206.12,20504.11,14430.07,6074.04
2022-01-07,Smartphone,Electronics,North,Charlie,18,1755.92,31606.56,28194.53,3412.03
2022-06-15,Monitor,Accessories,East,Charlie,12,1524.34,18292.06,11689.1,6602.96
2022-09-19,Smartphone,Electronics,South,Charlie,12,146.72,1760.58,1068.03,692.55
2022-10-01,Laptop,Electronics,West,Diana,6,806.48,4838.9,4091.95,746.95
2023-03-20,Smartphone,Electronics,East,Diana,11,1398.26,15380.87,11286.04,4094.84
2023-12-06,Laptop,Electronics,North,Diana,14,990.22,13863.15,12245.2,1617.95
2022-04-01,Laptop,Electronics,North,Bob,3,957.64,2872.91,1864.77,1008.14
2022-08-23,Smartphone,Electronics,South,Alice,11,519.46,5714.08,3569.67,2144.41
2023-01-31,Tablet,Electronics,West,Diana,14,537.1,7519.43,4807.93,2711.5
2023-04-24,Monitor,Accessories,North,Diana,3,1906.64,5719.92,3691.17,2028.76
2022-02-25,Laptop,Electronics,South,Alice,15,897.48,13462.23,10656.13,2806.1
2023-09-07,Laptop,Electronics,East,Charlie,6,1544.18,9265.07,6788.42,2476.65
2022-05-15,Printer,Accessories,East,Diana,1,709.41,709.41,579.82,129.59
2022-01-24,Printer,Accessories,East,Bob,2,504.9,1009.8,615.31,394.49
2023-05-29,Laptop,Electronics,West,Alice,12,1169.23,14030.71,10403.2,3627.5
2022-04-11,Tablet,Electronics,North,Bob,8,402.57,3220.54,2129.13,1091.41
2023-11-16,Smartphone,Electronics,South,Alice,8,1564.75,12518.01,10683.31,1834.7
2023-03-06,Tablet,Electronics,North,Diana,7,1289.82,9028.73,5772.73,3256.0
2022-04-22,Smartphone,Electronics,South,Alice,3,452.37,1357.12,1002.41,354.71
2023-12-25,Smartphone,Electronics,East,Alice,14,1236.82,17315.51,13544.05,3771.46
2023-09-22,Smartphone,Electronics,North,Bob,4,1160.98,4643.94,3100.58,1543.36
2023-01-10,Laptop,Electronics,East,Alice,2,1615.36,3230.72,2239.24,991.48
2022-05-24,Monitor,Accessories,South,Charlie,13,384.2,4994.64,3692.94,1301.71
2022-03-06,Laptop,Electronics,North,Bob,18,1011.88,18213.91,14206.96,4006.95
2023-06-24,Smartphone,Electronics,South,Charlie,11,1420.47,15625.12,13406.93,2218.19
2022-11-01,Laptop,Electronics,West,Alice,6,1824.86,10949.13,8948.57,2000.56
2022-01-01,Printer,Accessories,West,Diana,19,299.37,5687.98,3825.81,1862.17
2022-07-26,Printer,Accessories,South,Bob,14,370.74,5190.38,3891.05,1299.33
2023-08-30,Laptop,Electronics,North,Diana,1,1163.33,1163.33,701.41,461.92
2022-01-10,Laptop,Electronics,West,Bob,1,1083.65,1083.65,678.76,404.9
2023-01-21,Printer,Accessories,West,Bob,13,256.77,3337.96,2828.44,509.53
2022-09-21,Printer,Accessories,South,Bob,7,352.16,2465.12,1898.79,566.33
2023-07-07,Smartphone,Electronics,East,Alice,14,1417.07,19838.96,16792.33,3046.62
2023-12-17,Laptop,Electronics,East,Charlie,10,418.22,4182.17,2640.5,1541.67
2022-02-13,Monitor,Accessories,South,Bob,11,336.02,3696.2,3211.5,484.7
2022-12-07,Tablet,Electronics,South,Diana,9,1878.8,16909.23,10409.18,6500.05
2023-08-13,Monitor,Accessories,North,Charlie,9,1447.21,13024.93,11218.26,1806.68
2023-12-19,Tablet,Electronics,North,Charlie,18,1288.08,23185.42,19360.45,3824.97
2022-04-02,Monitor,Accessories,North,Alice,15,1648.17,24722.52,15427.7,9294.81
2022-08-13,Monitor,Accessories,North,Charlie,16,1140.43,18246.81,15422.01,2824.8
2022-01-15,Monitor,Accessories,West,Diana,3,177.43,532.3,345.57,186.73
2022-05-19,Tablet,Electronics,East,Bob,14,255.1,3571.36,2207.48,1363.88
2023-08-29,Printer,Accessories,West,Diana,12,403.13,4837.62,4167.78,669.84
2023-01-11,Printer,Accessories,North,Bob,19,1954.14,37128.74,26029.8,11098.94
2022-08-03,Tablet,Electronics,North,Charlie,8,1756.48,14051.86,10259.21,3792.64
2023-11-02,Laptop,Electronics,West,Charlie,19,407.18,7736.38,4690.24,3046.13
2022-10-14,Smartphone,Electronics,East,Alice,19,534.06,10147.22,9121.33,1025.88
2023-11-13,Smartphone,Electronics,South,Alice,9,1037.23,9335.03,5829.34,3505.7
2022-04-21,Monitor,Accessories,East,Diana,19,1392.43,26456.24,16446.77,10009.47
2022-02-28,Laptop,Electronics,East,Diana,15,589.6,8843.96,6533.8,2310.16
2022-11-09,Printer,Accessories,West,Alice,5,757.28,3786.38,2693.3,1093.08
2023-02-21,Laptop,Electronics,East,Alice,18,1747.36,31452.48,24331.72,7120.76
2022-12-24,Printer,Accessories,North,Charlie,4,155.85,623.4,448.01,175.39
2022-11-11,Tablet,Electronics,East,Diana,4,1759.5,7038.02,6124.56,913.46
2022-11-20,Monitor,Accessories,North,Diana,6,1344.52,8067.11,7241.36,825.75
2022-07-05,Monitor,Accessories,East,Alice,12,829.31,9951.72,7361.72,2590.0
2023-03-28,Laptop,Electronics,North,Bob,15,548.0,8220.07,6845.68,1374.4
2023-02-07,Smartphone,Electronics,North,Charlie,4,1827.16,7308.65,4779.16,2529.49
2023-11-18,Laptop,Electronics,West,Bob,12,808.41,9700.95,7312.43,2388.52
2023-06-27,Monitor,Accessories,East,Bob,5,1723.33,8616.66,6442.53,2174.13
2022-04-03,Laptop,Electronics,West,Bob,15,1226.54,18398.17,14236.96,4161.22
2022-08-28,Laptop,Electronics,North,Alice,2,281.0,561.99,447.14,114.85
2023-07-23,Tablet,Electronics,North,Bob,2,1730.17,3460.35,2085.58,1374.76
2022-04-04,Laptop,Electronics,East,Bob,1,1569.6,1569.6,1003.39,566.21
2022-08-09,Laptop,Electronics,North,Charlie,13,550.35,7154.59,4796.45,2358.14
2023-06-09,Laptop,Electronics,South,Charlie,10,239.64,2396.44,1559.91,836.53
2022-08-04,Monitor,Accessories,East,Charlie,10,952.68,9526.77,7629.2,1897.57
2022-12-22,Printer,Accessories,North,Charlie,9,918.69,8268.18,5577.83,2690.35
2023-10-16,Monitor,Accessories,North,Charlie,11,1902.31,20925.39,14140.51,6784.88
2022-05-23,Tablet,Electronics,East,Diana,11,1499.16,16490.8,13178.48,3312.32
2022-02-04,Laptop,Electronics,West,Bob,5,1585.4,7927.01,6433.68,1493.32
2022-06-08,Laptop,Electronics,North,Diana,15,1749.72,26245.73,17368.17,8877.56
2022-05-16,Monitor,Accessories,South,Alice,18,1974.72,35544.9,22638.24,12906.66
2023-11-08,Smartphone,Electronics,West,Diana,5,1879.55,9397.75,5749.57,3648.18
2023-12-02,Smartphone,Electronics,West,Bob,3,959.18,2877.53,2532.7,344.84
2023-07-03,Monitor,Accessories,North,Alice,5,296.29,1481.44,1148.71,332.73
2022-05-02,Tablet,Electronics,North,Diana,12,381.85,4582.22,4105.62,476.6
2023-06-01,Printer,Accessories,West,Bob,11,133.02,1463.24,1019.79,443.45
2023-09-29,Smartphone,Electronics,West,Alice,7,964.01,6748.04,5092.6,1655.44
2023-07-10,Laptop,Electronics,East,Alice,18,751.04,13518.75,10269.84,3248.91
2023-10-25,Laptop,Electronics,North,Diana,13,372.73,4845.5,4273.47,572.03
2022-11-23,Printer,Accessories,South,Charlie,8,1942.83,15542.66,9763.44,5779.23
2023-05-15,Laptop,Electronics,North,Charlie,8,396.71,3173.69,2127.54,1046.15
2023-10-22,Printer,Accessories,East,Charlie,15,436.58,6548.77,5290.02,1258.75
2022-05-19,Monitor,Accessories,East,Diana,11,1398.17,15379.88,11521.88,3858.01
2023-10-10,Tablet,Electronics,West,Bob,17,1678.67,28537.33,24524.49,4012.84
2022-10-07,Laptop,Electronics,North,Bob,17,157.74,2681.5,2357.8,323.7
2023-12-10,Laptop,Electronics,East,Alice,14,1845.49,25836.83,20157.45,5679.38
2022-06-03,Smartphone,Electronics,South,Alice,16,1670.99,26735.9,21391.17,5344.74
2022-02-08,Laptop,Electronics,West,Alice,9,302.53,2722.74,2170.99,551.75
2023-05-13,Monitor,Accessories,North,Bob,18,1249.41,22489.42,15639.9,6849.53
2022-03-19,Laptop,Electronics,East,Bob,1,873.13,873.13,751.96,121.17
2022-12-01,Tablet,Electronics,North,Charlie,9,271.92,2447.24,1680.29,766.95
2022-05-29,Smartphone,Electronics,West,Charlie,11,1769.18,19460.98,14036.07,5424.9
2023-02-01,Monitor,Accessories,West,Alice,14,1858.78,26022.95,19034.53,6988.42
2023-07-30,Printer,Accessories,South,Alice,2,1548.34,3096.68,2599.18,497.5
2022-02-26,Printer,Accessories,South,Charlie,19,1750.91,33267.31,23709.67,9557.64
2022-12-15,Smartphone,Electronics,East,Alice,7,110.94,776.59,541.58,235.02
2022-06-06,Tablet,Electronics,South,Alice,12,1258.68,15104.17,11615.58,3488.58
2023-12-16,Smartphone,Electronics,South,Diana,19,838.26,15926.95,11700.06,4226.88
2022-08-03,Monitor,Accessories,West,Diana,17,1136.81,19325.69,14172.03,5153.66
2023-11-26,Tablet,Electronics,East,Charlie,6,239.07,1434.43,1120.34,314.09
2022-02-10,Laptop,Electronics,West,Alice,14,1320.89,18492.52,15308.17,3184.35
2022-10-20,Monitor,Accessories,East,Bob,9,821.59,7394.34,6351.74,1042.6
2022-02-04,Monitor,Accessories,North,Diana,16,1709.62,27353.89,23914.71,3439.18
2022-11-17,Laptop,Electronics,West,Charlie,12,383.08,4597.01,3484.48,1112.54
2023-12-16,Printer,Accessories,South,Diana,15,1113.84,16707.67,13071.61,3636.07
2023-03-23,Smartphone,Electronics,East,Alice,16,1143.89,18302.19,15082.15,3220.04
2022-03-20,Monitor,Accessories,West,Alice,12,1915.5,22985.94,13917.29,9068.65
2023-03-07,Laptop,Electronics,South,Alice,11,114.37,1258.06,999.21,258.86
2023-06-19,Smartphone,Electronics,South,Bob,15,562.62,8439.25,7410.59,1028.66
2022-04-07,Tablet,Electronics,West,Diana,15,474.59,7118.89,5294.71,1824.18
2023-07-10,Laptop,Electronics,South,Bob,19,292.7,5561.29,4147.4,1413.89
2023-11-09,Tablet,Electronics,West,Bob,16,1093.86,17501.78,14019.43,3482.35
2022-08-26,Tablet,Electronics,North,Diana,15,1111.29,16669.42,12906.79,3762.63
2023-09-11,Smartphone,Electronics,West,Diana,10,1259.63,12596.34,10264.07,2332.27
2022-04-04,Smartphone,Electronics,East,Alice,17,1955.78,33248.23,28159.66,5088.57
2023-06-19,Laptop,Electronics,West,Charlie,11,334.12,3675.35,3152.81,522.54
2023-01-23,Tablet,Electronics,North,Charlie,7,1097.81,7684.67,6245.44,1439.23
2023-12-05,Monitor,Accessories,West,Alice,17,1177.89,20024.18,13555.75,6468.44
2022-04-21,Tablet,Electronics,North,Bob,4,906.6,3626.41,2270.54,1355.87
2023-10-21,Smartphone,Electronics,South,Diana,1,809.67,809.67,613.69,195.98
2022-06-17,Monitor,Accessories,North,Charlie,15,1907.67,28615.0,22333.53,6281.46
2022-08-22,Laptop,Electronics,South,Alice,9,1608.11,14473.02,11491.31,2981.71
2022-03-10,Tablet,Electronics,North,Diana,10,1810.04,18100.44,12779.39,5321.05
2023-08-19,Tablet,Electronics,West,Charlie,5,673.91,3369.57,2761.66,607.91
2023-10-18,Smartphone,Electronics,South,Alice,4,905.1,3620.41,2897.29,723.12
2022-03-27,Tablet,Electronics,West,Bob,18,1556.65,28019.64,18070.18,9949.46
2023-02-26,Laptop,Electronics,South,Charlie,18,390.67,7032.05,4715.48,2316.56
2023-01-03,Smartphone,Electronics,East,Charlie,12,1739.31,20871.77,13880.19,6991.59
2022-04-18,Printer,Accessories,South,Bob,17,439.05,7463.8,5177.5,2286.3
2023-12-03,Laptop,Electronics,East,Diana,3,1253.48,3760.44,2873.01,887.43
2022-01-20,Tablet,Electronics,East,Bob,10,588.08,5880.79,4643.5,1237.29
2022-02-23,Monitor,Accessories,North,Alice,2,621.63,1243.25,968.64,274.62
2023-03-01,Printer,Accessories,South,Alice,18,868.21,15627.7,11384.15,4243.55
2022-05-17,Printer,Accessories,South,Alice,7,1476.58,10336.07,6250.7,4085.37
2023-02-07,Printer,Accessories,West,Alice,14,297.81,4169.32,3407.59,761.73
2023-12-26,Monitor,Accessories,South,Charlie,10,1820.5,18204.97,15142.65,3062.32
2022-03-19,Laptop,Electronics,East,Bob,4,262.75,1051.0,912.54,138.46
2022-03-18,Monitor,Accessories,North,Bob,3,862.26,2586.77,1836.83,749.94
2022-11-21,Tablet,Electronics,North,Bob,6,774.49,4646.96,2884.96,1762.0
2023-08-26,Monitor,Accessories,South,Charlie,17,1680.54,28569.18,22880.51,5688.67
2023-01-21,Tablet,Electronics,West,Alice,12,544.05,6528.64,4974.84,1553.79
2023-01-14,Monitor,Accessories,East,Charlie,6,1226.34,7358.06,5916.17,1441.89
2022-02-21,Tablet,Electronics,North,Diana,12,716.23,8594.81,6015.51,2579.3
2022-11-10,Tablet,Electronics,South,Charlie,6,199.44,1196.66,853.87,342.79
2022-08-02,Laptop,Electronics,East,Diana,6,1159.79,6958.73,5700.56,1258.17
2022-06-22,Printer,Accessories,South,Diana,8,1202.9,9623.22,6030.2,3593.02
2022-03-10,Tablet,Electronics,West,Diana,5,433.08,2165.38,1747.46,417.91
2023-02-06,Monitor,Accessories,North,Alice,16,878.01,14048.13,10210.27,3837.85
2022-10-02,Laptop,Electronics,North,Charlie,16,102.35,1637.6,1130.36,507.24
2023-07-08,Printer,Accessories,West,Bob,8,1611.35,12890.84,11320.13,1570.71
2022-03-02,Laptop,Electronics,North,Bob,13,327.68,4259.78,3800.78,458.99
2023-02-27,Printer,Accessories,North,Charlie,5,1500.64,7503.21,6232.02,1271.19
2022-10-30,Smartphone,Electronics,East,Diana,1,1699.86,1699.86,1285.59,414.28
2023-12-23,Monitor,Accessories,West,Diana,6,588.39,3530.34,2952.67,577.67
2022-08-21,Smartphone,Electronics,East,Alice,1,1256.12,1256.12,944.67,311.45
2023-01-14,Smartphone,Electronics,West,Bob,2,219.91,439.81,279.41,160.4
2023-05-20,Monitor,Accessories,East,Charlie,18,749.18,13485.27,9632.16,3853.11
2022-04-08,Tablet,Electronics,East,Alice,2,1880.22,3760.44,2881.03,879.41
2022-11-16,Printer,Accessories,West,Alice,11,1668.04,18348.48,12548.73,5799.75
2023-12-18,Monitor,Accessories,South,Bob,4,1759.34,7037.36,4563.93,2473.43
2023-03-13,Monitor,Accessories,North,Diana,11,1191.72,13108.88,10093.48,3015.4
2023-10-01,Tablet,Electronics,North,Charlie,10,1052.19,10521.91,7566.87,2955.04
2023-09-06,Smartphone,Electronics,West,Bob,6,1653.15,9918.93,7083.97,2834.96
2023-02-25,Monitor,Accessories,North,Alice,10,1749.31,17493.08,14725.28,2767.8
2022-01-20,Smartphone,Electronics,East,Charlie,16,502.77,8044.27,6802.4,1241.87
2022-05-29,Monitor,Accessories,West,Charlie,15,865.66,12984.94,8466.92,4518.01
2023-09-25,Printer,Accessories,South,Bob,2,524.87,1049.73,931.32,118.41
2023-03-18,Smartphone,Electronics,East,Bob,18,1317.85,23721.25,20085.83,3635.42
2023-03-08,Tablet,Electronics,West,Diana,1,1853.24,1853.24,1382.74,470.5
2023-02-23,Smartphone,Electronics,West,Alice,14,1806.7,25293.76,21469.34,3824.42
2022-08-16,Tablet,Electronics,South,Diana,3,1910.32,5730.95,4857.32,873.62
2022-11-13,Printer,Accessories,East,Bob,13,798.32,10378.1,6439.11,3938.99
2023-06-18,Laptop,Electronics,East,Alice,2,1061.6,2123.21,1422.05,701.16
2022-01-07,Smartphone,Electronics,West,Alice,13,1144.11,14873.38,13233.54,1639.84
2023-06-20,Laptop,Electronics,West,Diana,13,1879.25,24430.29,21079.23,3351.07
2022-09-11,Smartphone,Electronics,East,Alice,6,100.63,603.79,365.48,238.31
2022-04-19,Smartphone,Electronics,West,Charlie,2,1335.38,2670.76,1724.27,946.5
2022-09-10,Printer,Accessories,South,Bob,19,1172.44,22276.32,14647.46,7628.87
2023-09-12,Printer,Accessories,West,Bob,2,1020.74,2041.49,1686.83,354.65
2022-11-27,Printer,Accessories,West,Charlie,15,1968.99,29534.85,19840.15,9694.7
2022-11-16,Tablet,Electronics,North,Diana,3,241.8,725.39,605.56,119.83
2023-06-14,Smartphone,Electronics,North,Alice,14,291.99,4087.82,3301.52,786.3
2023-04-22,Smartphone,Electronics,East,Bob,1,1067.9,1067.9,960.05,107.85
2022-10-27,Tablet,Electronics,North,Diana,17,542.03,9214.45,6139.04,3075.41
2022-05-24,Smartphone,Electronics,East,Alice,4,1101.38,4405.52,3206.44,1199.07
2022-07-10,Laptop,Electronics,East,Bob,5,1784.55,8922.74,6557.64,2365.1
2023-03-20,Laptop,Electronics,West,Bob,3,798.74,2396.23,1735.44,660.79
2022-02-05,Smartphone,Electronics,West,Charlie,14,436.09,6105.2,4372.08,1733.12
2022-11-26,Monitor,Accessories,South,Bob,5,120.96,604.8,438.38,166.41
2022-11-28,Monitor,Accessories,North,Charlie,6,593.65,3561.87,2949.54,612.33
2022-12-11,Tablet,Electronics,East,Charlie,7,1276.0,8932.01,6226.06,2705.95
2023-04-20,Smartphone,Electronics,South,Charlie,18,1295.67,23322.02,15384.53,7937.49
2023-11-14,Laptop,Electronics,East,Alice,5,1923.2,9615.98,7176.95,2439.03
2023-03-22,Laptop,Electronics,East,Bob,3,605.12,1815.35,1441.08,374.28
2023-12-30,Smartphone,Electronics,South,Diana,4,1742.85,6971.42,4692.07,2279.35
2023-11-29,Printer,Accessories,South,Charlie,18,1004.43,18079.82,12886.69,5193.13
2022-09-22,Laptop,Electronics,North,Alice,6,845.55,5073.29,4499.33,573.96
2023-03-05,Printer,Accessories,South,Charlie,17,1915.14,32557.31,27220.22,5337.09
2022-08-11,Printer,Accessories,North,Alice,9,1891.38,17022.41,14344.19,2678.22
2023-08-10,Tablet,Electronics,East,Diana,16,583.87,9341.99,7961.82,1380.17
2023-05-11,Laptop,Electronics,West,Diana,8,976.81,7814.46,6182.49,1631.97
2023-05-05,Laptop,Electronics,North,Charlie,2,834.06,1668.13,1226.13,441.99
2022-04-12,Printer,Accessories,East,Alice,17,1266.47,21530.05,13348.54,8181.52
2023-06-11,Laptop,Electronics,East,Diana,13,385.32,5009.17,4113.68,895.49
2022-08-16,Printer,Accessories,East,Alice,1,942.22,942.22,578.85,363.37
2023-12-04,Monitor,Accessories,South,Alice,8,261.1,2088.84,1702.19,386.65
2023-03-22,Tablet,Electronics,West,Alice,13,1624.05,21112.62,13334.95,7777.67
2022-12-27,Monitor,Accessories,West,Diana,17,1917.35,32595.0,26768.72,5826.27
2022-08-14,Smartphone,Electronics,West,Bob,14,1984.02,27776.25,24754.89,3021.36
2023-04-28,Monitor,Accessories,South,Charlie,19,1356.6,25775.48,16897.34,8878.14
2023-02-02,Tablet,Electronics,West,Diana,11,883.05,9713.54,7429.74,2283.8
2023-07-28,Printer,Accessories,East,Alice,8,603.59,4828.71,2927.56,1901.14
2023-08-15,Monitor,Accessories,North,Charlie,16,1938.93,31022.95,21363.44,9659.51
2023-10-05,Laptop,Electronics,North,Charlie,8,1286.86,10294.89,7356.54,2938.35
2023-10-16,Laptop,Electronics,East,Bob,18,119.81,2156.63,1459.23,697.4
2023-02-13,Monitor,Accessories,East,Diana,4,1571.8,6287.22,4986.84,1300.38
2022-08-19,Monitor,Accessories,North,Charlie,18,712.21,12819.77,8173.5,4646.27
2022-02-09,Printer,Accessories,North,Bob,8,316.52,2532.14,1888.48,643.66
2023-09-02,Laptop,Electronics,East,Charlie,16,1642.36,26277.8,20941.93,5335.88
2023-02-10,Printer,Accessories,North,Charlie,11,183.1,2014.07,1275.4,738.68
2022-03-27,Monitor,Accessories,North,Diana,18,526.77,9481.85,6747.76,2734.09
2023-10-18,Monitor,Accessories,North,Alice,14,934.87,13088.17,10259.58,2828.59
2023-04-11,Printer,Accessories,West,Alice,12,475.19,5702.33,4938.66,763.67
2022-07-09,Tablet,Electronics,South,Bob,3,1375.76,4127.29,2868.79,1258.51
2022-02-16,Printer,Accessories,South,Diana,7,1708.38,11958.64,10471.92,1486.72
2022-06-15,Smartphone,Electronics,West,Bob,18,1308.53,23553.62,15694.22,7859.4
2023-06-05,Monitor,Accessories,West,Bob,8,1521.56,12172.52,9340.51,2832.01
2022-12-07,Laptop,Electronics,West,Bob,12,202.33,2427.97,1689.91,738.06
2023-02-10,Smartphone,Electronics,East,Bob,11,611.73,6729.02,5126.62,1602.4
2022-05-29,Printer,Accessories,West,Charlie,13,413.15,5370.93,3434.81,1936.12
2022-11-15,Monitor,Accessories,South,Alice,15,274.55,4118.32,3663.41,454.91
2023-06-08,Printer,Accessories,South,Bob,15,1061.12,15916.8,13564.47,2352.33
2022-08-25,Tablet,Electronics,South,Charlie,13,885.49,11511.39,9525.16,1986.23
2023-10-08,Printer,Accessories,West,Alice,1,1065.89,1065.89,734.68,331.21
2023-03-06,Printer,Accessories,North,Charlie,19,387.98,7371.65,4630.34,2741.32
2022-11-01,Laptop,Electronics,South,Alice,12,1308.95,15707.44,13011.05,2696.4
2023-01-17,Tablet,Electronics,South,Diana,15,405.61,6084.17,4669.07,1415.1
2023-07-03,Smartphone,Electronics,East,Charlie,8,568.69,4549.52,3721.23,828.29
2023-04-04,Tablet,Electronics,East,Diana,1,628.01,628.01,413.35,214.66
2023-04-04,Printer,Accessories,East,Diana,10,1349.36,13493.65,9354.86,4138.79
2023-02-19,Laptop,Electronics,East,Bob,14,1270.37,17785.21,11674.35,6110.87
2023-08-18,Tablet,Electronics,West,Bob,9,812.99,7316.94,5572.65,1744.3
2022-06-11,Smartphone,Electronics,East,Bob,4,109.94,439.75,364.24,75.51
2023-04-11,Monitor,Accessories,West,Bob,12,1516.89,18202.73,12027.35,6175.38
2022-02-28,Tablet,Electronics,East,Alice,2,1541.49,3082.97,2477.21,605.76
2023-03-10,Laptop,Electronics,North,Charlie,16,382.89,6126.2,4237.38,1888.82
2023-11-15,Printer,Accessories,South,Charlie,19,1993.04,37867.67,26904.71,10962.96
2022-10-09,Printer,Accessories,North,Bob,4,1471.93,5887.74,5097.95,789.79
2022-05-31,Laptop,Electronics,South,Charlie,3,361.86,1085.59,867.29,218.3
2023-05-12,Laptop,Electronics,South,Bob,8,438.91,3511.26,2137.38,1373.88
2023-01-15,Printer,Accessories,West,Alice,14,775.44,10856.11,9100.24,1755.88
2023-05-19,Monitor,Accessories,North,Bob,17,1217.58,20698.93,15406.05,5292.89
2023-06-22,Tablet,Electronics,North,Diana,14,1474.47,20642.57,13030.44,7612.13
2022-09-18,Monitor,Accessories,East,Diana,4,200.33,801.31,597.76,203.55
2022-06-17,Printer,Accessories,South,Bob,18,1244.08,22393.38,13590.09,8803.29
2022-08-31,Printer,Accessories,North,Alice,19,1046.69,19887.03,12391.96,7495.07
2023-02-18,Tablet,Electronics,East,Bob,13,1517.26,19724.35,17645.22,2079.13
2023-11-30,Laptop,Electronics,South,Diana,4,1082.81,4331.24,3170.73,1160.52
2022-10-16,Printer,Accessories,South,Charlie,4,332.52,1330.06,1091.52,238.54
2022-01-15,Laptop,Electronics,East,Diana,1,268.34,268.34,178.76,89.58
2022-11-05,Laptop,Electronics,East,Bob,15,1996.86,29952.9,26356.58,3596.33
2023-09-04,Monitor,Accessories,East,Charlie,13,429.61,5584.96,4419.19,1165.77
2022-04-03,Monitor,Accessories,North,Diana,16,438.68,7018.87,5655.62,1363.25
2023-02-07,Monitor,Accessories,East,Diana,15,1695.62,25434.37,18189.38,7244.98
2023-11-29,Smartphone,Electronics,North,Diana,9,1905.59,17150.35,11334.34,5816.01
2022-05-07,Laptop,Electronics,East,Bob,10,735.57,7355.71,4471.24,2884.48
2023-03-28,Tablet,Electronics,East,Bob,17,1213.04,20621.67,16001.25,4620.41
2022-08-05,Printer,Accessories,West,Charlie,6,1084.35,6506.1,4486.72,2019.38
2023-08-03,Smartphone,Electronics,North,Bob,19,592.66,11260.61,8207.83,3052.79
2023-07-18,Laptop,Electronics,North,Diana,19,816.14,15506.6,11451.93,4054.67
2023-03-27,Printer,Accessories,South,Charlie,17,926.84,15756.33,13884.57,1871.76
2023-01-31,Printer,Accessories,West,Alice,4,353.61,1414.45,882.87,531.58
2022-03-13,Laptop,Electronics,East,Alice,7,1817.44,12722.05,11104.02,1618.03
2022-05-24,Tablet,Electronics,East,Bob,4,1554.47,6217.9,4027.16,2190.74
2022-03-08,Printer,Accessories,South,Alice,12,357.17,4286.07,3537.78,748.29
2022-05-18,Monitor,Accessories,West,Charlie,4,125.46,501.86,343.69,158.17
2022-10-28,Laptop,Electronics,South,Alice,10,636.16,6361.55,4316.39,2045.17
2022-12-02,Laptop,Electronics,East,Bob,3,623.66,1870.99,1564.41,306.58
2023-08-29,Printer,Accessories,North,Bob,10,616.7,6167.04,5105.2,1061.84
2022-12-02,Tablet,Electronics,North,Diana,10,1705.1,17051.0,11602.21,5448.79
2023-04-21,Tablet,Electronics,South,Alice,9,1026.39,9237.47,5635.63,3601.84
2023-07-01,Smartphone,Electronics,South,Bob,18,1822.23,32800.16,21050.28,11749.88
2023-06-12,Tablet,Electronics,North,Charlie,4,698.86,2795.44,2324.57,470.87
2023-02-09,Smartphone,Electronics,East,Diana,6,1809.68,10858.1,6585.95,4272.15
2022-02-13,Tablet,Electronics,South,Bob,11,1930.45,21234.94,16309.51,4925.44
2022-08-17,Laptop,Electronics,West,Alice,7,847.55,5932.86,5033.2,899.66
2023-03-10,Tablet,Electronics,West,Diana,14,1488.56,20839.84,18638.92,2200.91
2023-02-06,Tablet,Electronics,North,Diana,18,375.43,6757.81,5524.82,1232.98
2023-08-10,Tablet,Electronics,South,Bob,5,1174.13,5870.64,4339.46,1531.18
2022-12-20,Laptop,Electronics,West,Charlie,12,764.06,9168.75,5815.08,3353.66
2023-02-20,Monitor,Accessories,East,Diana,18,1468.02,26424.27,19168.09,7256.19
2023-05-12,Tablet,Electronics,East,Charlie,7,1399.13,9793.93,7477.98,2315.95
2023-07-12,Laptop,Electronics,South,Diana,2,867.56,1735.12,1323.48,411.63
2022-10-24,Laptop,Electronics,East,Diana,7,1444.89,10114.21,7717.76,2396.45
2023-03-25,Monitor,Accessories,South,Diana,6,529.68,3178.08,2714.32,463.76
2022-02-28,Printer,Accessories,East,Charlie,10,414.97,4149.72,3667.14,482.57
2023-01-18,Smartphone,Electronics,West,Charlie,16,510.57,8169.15,5140.59,3028.56
2023-04-30,Laptop,Electronics,South,Diana,16,882.35,14117.67,11227.67,2890.0
2022-07-01,Laptop,Electronics,South,Diana,12,218.32,2619.83,1974.7,645.13
2023-02-09,Monitor,Accessories,North,Alice,10,1958.32,19583.17,16414.56,3168.62
2022-07-06,Tablet,Electronics,East,Diana,17,482.59,8204.05,5558.95,2645.1
2023-09-27,Monitor,Accessories,East,Bob,4,1537.83,6151.31,4649.26,1502.05
2022-03-12,Laptop,Electronics,West,Diana,8,1767.88,14143.02,12217.79,1925.22
2023-03-24,Smartphone,Electronics,South,Diana,14,553.71,7751.98,5700.59,2051.39
2023-11-06,Laptop,Electronics,East,Bob,17,151.62,2577.51,1596.92,980.58
2023-10-20,Monitor,Accessories,East,Bob,3,1827.52,5482.56,4175.57,1306.98
2023-04-07,Smartphone,Electronics,North,Alice,3,300.4,901.2,718.29,182.91
2023-11-07,Laptop,Electronics,North,Bob,18,277.48,4994.55,3657.62,1336.93
2023-10-27,Laptop,Electronics,South,Charlie,11,487.16,5358.72,4056.54,1302.17
2023-11-06,Smartphone,Electronics,East,Charlie,9,1197.43,10776.85,8517.75,2259.1
2022-03-04,Printer,Accessories,North,Alice,9,852.34,7671.1,6708.58,962.52
2023-06-07,Smartphone,Electronics,North,Bob,8,1088.36,8706.9,6393.31,2313.59
2023-01-03,Smartphone,Electronics,South,Bob,6,1607.2,9643.18,6702.28,2940.89
2023-12-09,Tablet,Electronics,East,Charlie,3,789.89,2369.67,2059.62,310.06
2023-05-14,Laptop,Electronics,North,Charlie,11,1968.69,21655.6,13907.52,7748.08
2023-10-10,Printer,Accessories,South,Diana,1,163.43,163.43,115.89,47.54
2023-01-27,Printer,Accessories,West,Diana,16,389.0,6223.97,4556.55,1667.42
2023-06-02,Tablet,Electronics,West,Alice,6,1938.74,11632.42,9969.7,1662.71
2022-09-28,Laptop,Electronics,West,Diana,9,1626.85,14641.62,11004.09,3637.53
2022-07-28,Printer,Accessories,West,Charlie,16,1977.99,31647.85,23596.88,8050.97
2022-02-21,Printer,Accessories,East,Bob,13,713.72,9278.38,8342.41,935.97
2023-09-06,Smartphone,Electronics,North,Bob,5,1163.54,5817.68,4411.08,1406.6
2022-02-06,Printer,Accessories,West,Bob,2,498.53,997.06,711.61,285.45
2023-10-26,Tablet,Electronics,West,Diana,3,456.08,1368.25,1173.21,195.04
2022-02-14,Smartphone,Electronics,South,Bob,6,1127.51,6765.05,5500.48,1264.57
2022-04-27,Laptop,Electronics,North,Charlie,12,1977.32,23727.89,20652.49,3075.4
2023-12-26,Tablet,Electronics,East,Bob,12,972.6,11671.25,8255.53,3415.71
2023-07-02,Monitor,Accessories,North,Alice,2,1656.58,3313.17,2862.4,450.77
2022-06-05,Tablet,Electronics,East,Diana,16,1452.83,23245.23,19707.15,3538.08
2022-01-30,Printer,Accessories,South,Alice,1,555.76,555.76,357.13,198.63
2022-05-28,Smartphone,Electronics,North,Charlie,9,1505.38,13548.38,8906.41,4641.97
2022-12-27,Printer,Accessories,North,Bob,11,1337.18,14708.98,11565.36,3143.63
2022-02-23,Printer,Accessories,East,Alice,17,1698.75,28878.76,21410.31,7468.45
2023-01-16,Tablet,Electronics,North,Diana,15,582.55,8738.28,5324.54,3413.74
2022-11-10,Printer,Accessories,South,Bob,16,302.05,4832.85,3356.3,1476.55
2022-12-16,Laptop,Electronics,South,Bob,15,432.27,6484.12,5555.08,929.04
2022-08-18,Laptop,Electronics,North,Bob,1,1690.38,1690.38,1155.85,534.53
2022-11-09,Smartphone,Electronics,North,Alice,3,1418.89,4256.66,3208.65,1048.0
2022-04-19,Printer,Accessories,East,Diana,6,784.72,4708.31,2921.75,1786.56
2022-08-27,Laptop,Electronics,South,Bob,14,1542.57,21596.02,18811.91,2784.11
2023-05-23,Printer,Accessories,North,Alice,17,1555.52,26443.89,22121.22,4322.67
2022-11-01,Smartphone,Electronics,East,Alice,13,1807.81,23501.53,18689.14,4812.4
2023-05-25,Laptop,Electronics,East,Alice,6,1374.39,8246.35,6334.29,1912.06
2023-10-09,Tablet,Electronics,South,Diana,2,949.41,1898.81,1401.53,497.28
2023-08-27,Monitor,Accessories,South,Charlie,4,825.06,3300.25,2107.72,1192.53
2022-11-05,Printer,Accessories,North,Diana,19,1955.92,37162.49,23531.89,13630.6
2022-02-17,Printer,Accessories,South,Alice,17,179.85,3057.4,2513.09,544.3
2022-07-01,Smartphone,Electronics,East,Diana,6,632.07,3792.43,3252.01,540.41
2023-01-27,Laptop,Electronics,West,Charlie,19,1948.28,37017.23,31383.64,5633.59
2023-03-24,Printer,Accessories,South,Charlie,19,1629.32,30957.13,18741.51,12215.62
2022-10-11,Tablet,Electronics,East,Charlie,7,1280.55,8963.88,6882.07,2081.81
2023-12-26,Monitor,Accessories,West,Diana,19,1758.23,33406.41,21172.12,12234.29
2023-08-07,Printer,Accessories,North,Alice,6,328.47,1970.82,1222.9,747.92
2023-06-30,Laptop,Electronics,South,Alice,17,559.6,9513.17,5743.3,3769.87
2022-01-21,Laptop,Electronics,South,Charlie,14,1236.88,17316.31,11933.9,5382.41
2022-12-18,Monitor,Accessories,North,Diana,14,1512.07,21168.94,13007.1,8161.84
2022-09-21,Smartphone,Electronics,East,Alice,4,1766.75,7067.02,6100.1,966.92
2023-10-26,Monitor,Accessories,South,Alice,14,746.77,10454.8,9374.9,1079.89
2022-03-21,Printer,Accessories,South,Bob,16,555.07,8881.11,7445.69,1435.42
2022-01-21,Tablet,Electronics,South,Bob,12,1207.33,14488.0,13019.37,1468.63
2022-02-26,Smartphone,Electronics,North,Alice,18,1189.36,21408.55,17076.47,4332.07
2022-11-03,Printer,Accessories,East,Alice,16,1679.61,26873.75,20953.29,5920.46
2023-07-23,Laptop,Electronics,East,Alice,1,1501.37,1501.37,1137.4,363.98
2023-12-19,Smartphone,Electronics,East,Diana,9,1371.48,12343.32,10476.84,1866.48
2022-07-24,Smartphone,Electronics,West,Alice,1,147.77,147.77,119.45,28.32
2022-05-04,Printer,Accessories,East,Diana,8,702.2,5617.59,4102.97,1514.62
2023-11-15,Tablet,Electronics,East,Alice,15,361.3,5419.43,3805.76,1613.66
2022-06-01,Smartphone,Electronics,East,Alice,8,1901.41,15211.25,11158.57,4052.67
2023-01-11,Monitor,Accessories,South,Charlie,19,551.12,10471.35,7892.35,2579.0
2022-02-16,Tablet,Electronics,West,Diana,4,830.57,3322.29,2479.42,842.86
2023-12-30,Smartphone,Electronics,West,Bob,12,1906.01,22872.11,17844.71,5027.4
2023-07-24,Monitor,Accessories,South,Bob,9,1061.91,9557.15,7552.36,2004.79
2023-08-07,Monitor,Accessories,West,Diana,6,1793.81,10762.87,6467.15,4295.72
2023-01-25,Laptop,Electronics,North,Alice,12,1247.74,14972.83,13059.52,1913.32
2023-04-09,Tablet,Electronics,East,Bob,19,625.95,11893.0,10602.13,1290.87
2023-05-09,Smartphone,Electronics,East,Alice,13,1015.88,13206.41,8700.77,4505.64
2023-03-29,Printer,Accessories,South,Bob,3,950.19,2850.57,2115.94,734.63
2022-09-10,Monitor,Accessories,East,Diana,17,1081.49,18385.3,11061.55,7323.75
2022-03-05,Laptop,Electronics,East,Bob,14,194.04,2716.62,2309.11,407.51
2023-10-14,Smartphone,Electronics,South,Bob,1,743.84,743.84,625.4,118.44
2022-01-31,Printer,Accessories,East,Alice,17,515.17,8757.87,6297.25,2460.62
2023-12-28,Smartphone,Electronics,West,Bob,9,854.33,7688.96,4814.27,2874.69
2023-05-25,Laptop,Electronics,West,Alice,9,1654.59,14891.33,11309.67,3581.67
2023-12-16,Laptop,Electronics,South,Bob,7,1192.08,8344.57,5081.01,3263.56
2023-07-03,Monitor,Accessories,East,Diana,11,185.22,2037.44,1497.88,539.56
2022-03-25,Printer,Accessories,North,Bob,14,413.89,5794.42,4154.38,1640.04
2022-01-18,Smartphone,Electronics,East,Diana,19,880.94,16737.86,14600.16,2137.7
2022-04-04,Monitor,Accessories,North,Diana,13,1255.02,16315.26,11303.4,5011.85
2023-09-13,Laptop,Electronics,West,Alice,13,1465.02,19045.2,16878.05,2167.15
2023-06-28,Printer,Accessories,West,Diana,5,102.97,514.87,407.22,107.65
2022-03-17,Laptop,Electronics,East,Diana,13,1676.22,21790.81,13339.63,8451.18
2023-03-24,Tablet,Electronics,East,Bob,18,587.72,10578.94,8458.79,2120.15
2023-12-07,Tablet,Electronics,North,Bob,1,966.85,966.85,687.16,279.69
2023-01-02,Tablet,Electronics,South,Alice,19,1233.01,23427.21,17918.89,5508.32
2023-10-22,Laptop,Electronics,South,Diana,17,234.91,3993.55,2492.19,1501.36
2022-04-09,Smartphone,Electronics,West,Charlie,15,1524.72,22870.75,16553.91,6316.84
2023-11-26,Monitor,Accessories,East,Bob,9,1328.26,11954.3,10357.34,1596.95
2022-11-18,Smartphone,Electronics,South,Bob,13,119.25,1550.24,1225.97,324.27
2023-10-09,Monitor,Accessories,East,Bob,9,1263.89,11375.01,9806.5,1568.5
2022-01-08,Monitor,Accessories,East,Diana,6,329.06,1974.37,1719.15,255.21
2022-02-16,Laptop,Electronics,North,Bob,6,1675.13,10050.8,9019.38,1031.42
2022-06-22,Smartphone,Electronics,South,Bob,2,122.24,244.49,177.65,66.84
2022-06-07,Monitor,Accessories,East,Charlie,3,952.82,2858.46,1787.45,1071.02
2023-02-01,Laptop,Electronics,West,Bob,15,183.1,2746.56,1749.29,997.27
2022-07-06,Smartphone,Electronics,West,Bob,17,510.5,8678.46,6421.91,2256.55
2023-08-02,Monitor,Accessories,North,Alice,6,1706.65,10239.89,8271.25,1968.64
2023-11-05,Smartphone,Electronics,West,Diana,18,867.41,15613.31,9731.53,5881.78
2022-03-07,Smartphone,Electronics,North,Alice,9,682.0,6137.96,5135.6,1002.36
2022-03-07,Laptop,Electronics,North,Alice,12,1616.92,19403.07,16429.1,2973.97
2022-01-13,Tablet,Electronics,North,Diana,12,1841.61,22099.28,16116.91,5982.37
2023-07-20,Printer,Accessories,North,Alice,8,1790.34,14322.71,8646.52,5676.19
2023-11-03,Laptop,Electronics,East,Diana,4,846.65,3386.6,2566.18,820.43
2023-05-24,Monitor,Accessories,West,Alice,2,417.03,834.07,608.17,225.9
2022-12-11,Monitor,Accessories,South,Bob,4,185.08,740.32,613.41,126.91
2023-08-21,Laptop,Electronics,South,Alice,15,393.47,5902.1,3586.32,2315.78
2023-02-14,Smartphone,Electronics,East,Charlie,18,1310.11,23582.06,16558.88,7023.18
2023-05-11,Monitor,Accessories,South,Alice,11,691.31,7604.45,6107.41,1497.04
2022-06-01,Laptop,Electronics,West,Alice,5,1109.06,5545.31,4727.47,817.84
2023-12-11,Tablet,Electronics,South,Alice,12,1163.41,13960.9,8817.39,5143.5
2022-02-18,Smartphone,Electronics,East,Diana,17,367.05,6239.86,4652.92,1586.94
2023-07-14,Laptop,Electronics,West,Charlie,3,1931.63,5794.9,4144.87,1650.03
2022-09-19,Printer,Accessories,South,Bob,14,158.82,2223.42,1592.85,630.57
2022-03-08,Printer,Accessories,North,Charlie,10,851.33,8513.25,5907.87,2605.38
2023-03-08,Monitor,Accessories,East,Alice,15,1026.92,15403.76,9843.22,5560.54
2022-09-09,Laptop,Electronics,North,Bob,5,1916.25,9581.23,6651.19,2930.04
2022-08-14,Printer,Accessories,East,Diana,6,1245.59,7473.55,6337.66,1135.89
2022-01-15,Laptop,Electronics,North,Bob,17,267.58,4548.92,3557.54,991.38
2023-08-06,Monitor,Accessories,North,Charlie,17,832.47,14152.03,9936.37,4215.66
2023-09-13,Printer,Accessories,East,Diana,4,1962.21,7848.83,5834.53,2014.3
2022-01-16,Laptop,Electronics,East,Diana,13,1129.24,14680.11,12163.51,2516.6
2023-04-19,Printer,Accessories,West,Bob,19,776.75,14758.3,12515.7,2242.61
2022-05-13,Monitor,Accessories,East,Alice,13,469.79,6107.21,3769.95,2337.26
2022-03-01,Smartphone,Electronics,North,Charlie,14,1387.04,19418.5,13020.32,6398.18
2022-01-05,Monitor,Accessories,East,Bob,11,1159.65,12756.11,8982.64,3773.47
2023-09-14,Tablet,Electronics,South,Alice,3,385.99,1157.97,978.52,179.45
2022-02-17,Smartphone,Electronics,South,Charlie,4,863.38,3453.52,3101.79,351.73
2023-02-03,Tablet,Electronics,West,Bob,18,1284.47,23120.48,17821.57,5298.91
2022-08-01,Tablet,Electronics,West,Diana,19,482.49,9167.37,6587.13,2580.24
2022-08-06,Printer,Accessories,West,Charlie,5,1003.54,5017.69,3828.03,1189.66
2022-03-27,Tablet,Electronics,East,Alice,19,351.51,6678.64,5195.35,1483.3
2023-05-27,Tablet,Electronics,South,Alice,2,1472.07,2944.14,2237.6,706.55
2022-02-06,Printer,Accessories,South,Diana,12,172.16,2065.98,1701.87,364.11
2022-01-27,Smartphone,Electronics,North,Alice,7,337.16,2360.12,1978.4,381.72
2023-03-01,Monitor,Accessories,West,Charlie,9,1766.47,15898.25,14041.53,1856.71
2023-03-10,Smartphone,Electronics,East,Bob,17,1903.31,32356.32,24392.48,7963.84
2023-01-03,Tablet,Electronics,North,Bob,12,1018.47,12221.69,10499.22,1722.47
2022-06-10,Monitor,Accessories,West,Diana,4,642.99,2571.96,1699.98,871.98
2022-05-17,Printer,Accessories,West,Bob,15,1250.94,18764.03,16430.16,2333.86
2023-04-22,Monitor,Accessories,West,Diana,19,1196.83,22739.77,19548.77,3191.0
2022-01-05,Smartphone,Electronics,West,Alice,14,966.36,13529.05,9917.29,3611.76
2023-06-17,Tablet,Electronics,North,Charlie,15,1552.6,23289.04,17980.51,5308.53
2023-12-31,Printer,Accessories,West,Alice,13,1005.32,13069.14,11747.02,1322.11
2023-02-08,Smartphone,Electronics,East,Alice,8,1722.53,13780.22,10083.61,3696.61
2023-08-12,Printer,Accessories,East,Bob,17,667.03,11339.45,7621.41,3718.04
2022-09-13,Printer,Accessories,East,Diana,6,586.49,3518.94,2143.87,1375.07
2023-05-28,Laptop,Electronics,East,Bob,15,1290.53,19357.89,16994.57,2363.31
2022-07-29,Tablet,Electronics,South,Alice,16,1548.93,24782.93,21778.67,3004.26
2023-10-06,Printer,Accessories,West,Alice,11,1756.89,19325.81,14652.21,4673.6
2022-02-19,Laptop,Electronics,South,Charlie,16,1657.62,26521.85,18565.89,7955.97
2022-03-20,Smartphone,Electronics,West,Diana,3,500.34,1501.02,1331.76,169.26
2023-09-19,Laptop,Electronics,North,Bob,15,1982.04,29730.56,19627.98,10102.58
2022-02-28,Printer,Accessories,East,Diana,17,270.64,4600.93,2763.76,1837.17
2022-08-10,Tablet,Electronics,North,Charlie,3,1501.95,4505.86,3831.07,674.78
2023-09-29,Printer,Accessories,East,Alice,1,231.16,231.16,139.09,92.07
2023-02-25,Smartphone,Electronics,North,Bob,8,1560.95,12487.63,9959.66,2527.97
2023-04-28,Tablet,Electronics,East,Alice,1,1707.25,1707.25,1338.62,368.63
2022-09-21,Monitor,Accessories,South,Alice,8,858.29,6866.32,5609.41,1256.92
2022-02-09,Printer,Accessories,North,Alice,14,874.33,12240.64,8839.36,3401.28
2023-04-20,Smartphone,Electronics,West,Diana,6,681.66,4089.97,3127.76,962.21
2022-10-15,Printer,Accessories,North,Bob,14,1635.65,22899.06,20249.78,2649.27
2022-11-08,Printer,Accessories,North,Diana,2,111.57,223.14,140.64,82.5
2023-01-28,Laptop,Electronics,West,Diana,6,669.17,4015.05,2501.61,1513.44
2023-03-14,Smartphone,Electronics,East,Charlie,2,1609.58,3219.16,2614.36,604.8
2023-01-07,Tablet,Electronics,East,Charlie,2,238.51,477.03,343.87,133.16
2023-06-01,Smartphone,Electronics,North,Alice,15,501.11,7516.71,6457.0,1059.7
2022-09-27,Laptop,Electronics,East,Bob,3,1626.62,4879.85,4288.26,591.59
2023-09-20,Printer,Accessories,North,Diana,7,1005.23,7036.61,4699.11,2337.5
2022-10-29,Tablet,Electronics,West,Bob,9,516.62,4649.58,2836.72,1812.87
2023-09-11,Laptop,Electronics,South,Charlie,19,779.85,14817.09,11769.88,3047.2
2023-03-14,Printer,Accessories,North,Alice,17,1467.6,24949.26,21458.36,3490.9
2022-09-20,Monitor,Accessories,North,Alice,10,1213.14,12131.43,9552.72,2578.72
2023-09-30,Printer,Accessories,North,Alice,18,559.67,10074.06,8202.16,1871.9
2023-03-01,Laptop,Electronics,West,Alice,15,1149.75,17246.28,13039.06,4207.21
2022-04-26,Printer,Accessories,West,Bob,13,1841.9,23944.75,19543.63,4401.13
2022-04-26,Tablet,Electronics,East,Bob,12,1043.72,12524.66,8582.92,3941.73
2022-06-14,Monitor,Accessories,North,Bob,18,1665.18,29973.21,24473.62,5499.59
2022-12-02,Laptop,Electronics,North,Alice,9,1522.43,13701.83,9526.56,4175.28
2022-02-27,Laptop,Electronics,West,Bob,17,1071.15,18209.47,11181.63,7027.84
2023-04-17,Smartphone,Electronics,North,Diana,6,1801.88,10811.28,8378.53,2432.76
2023-12-13,Laptop,Electronics,South,Charlie,8,107.26,858.06,578.37,279.69
2022-04-17,Printer,Accessories,East,Bob,11,1670.76,18378.34,11743.37,6634.97
2023-08-12,Smartphone,Electronics,North,Charlie,9,1701.15,15310.37,10625.47,4684.91
2023-03-20,Smartphone,Electronics,East,Diana,4,1823.68,7294.72,6440.47,854.25
2023-11-28,Monitor,Accessories,West,Bob,19,1828.89,34748.95,24782.79,9966.16
2022-09-02,Monitor,Accessories,South,Diana,12,1382.77,16593.19,10533.47,6059.72
2022-04-30,Tablet,Electronics,East,Bob,1,1867.32,1867.32,1593.34,273.98
2023-11-12,Tablet,Electronics,East,Alice,10,364.32,3643.2,2463.79,1179.42
2023-06-07,Tablet,Electronics,South,Bob,11,1366.13,15027.46,13371.64,1655.81
2023-03-01,Printer,Accessories,West,Charlie,12,346.24,4154.89,3335.68,819.21
2022-10-13,Printer,Accessories,East,Bob,9,300.19,2701.74,2254.73,447.01
2023-11-08,Printer,Accessories,South,Alice,12,1998.99,23987.83,15146.93,8840.9
2023-12-21,Smartphone,Electronics,East,Charlie,16,831.73,13307.65,11441.2,1866.45
2022-07-07,Laptop,Electronics,South,Diana,3,969.63,2908.89,1927.62,981.27
2023-06-28,Smartphone,Electronics,North,Bob,14,1564.48,21902.76,13160.59,8742.17
2022-12-25,Monitor,Accessories,North,Charlie,7,1558.38,10908.65,7908.24,3000.41
2022-12-18,Monitor,Accessories,East,Charlie,13,890.02,11570.2,9440.08,2130.12
2023-03-04,Tablet,Electronics,West,Alice,9,1348.97,12140.74,9004.6,3136.14
2023-04-09,Monitor,Accessories,East,Bob,1,1612.86,1612.86,1332.55,280.3
2023-11-23,Monitor,Accessories,North,Alice,13,661.07,8593.95,5508.55,3085.4
2023-08-29,Laptop,Electronics,West,Charlie,7,338.88,2372.13,1947.83,424.31
2023-11-14,Printer,Accessories,West,Alice,6,1325.18,7951.09,5713.17,2237.92
2023-04-20,Laptop,Electronics,North,Diana,8,989.49,7915.94,6124.98,1790.96
2023-02-24,Laptop,Electronics,East,Alice,11,798.79,8786.73,5425.17,3361.56
2022-03-08,Laptop,Electronics,West,Alice,10,1133.23,11332.31,7138.9,4193.41
2023-08-23,Tablet,Electronics,South,Diana,10,127.92,1279.17,912.98,366.19
2023-11-02,Laptop,Electronics,East,Alice,2,136.72,273.44,174.27,99.18
2022-03-23,Smartphone,Electronics,West,Alice,10,159.7,1597.01,1310.93,286.09
2022-10-11,Smartphone,Electronics,East,Diana,6,1108.78,6652.69,5179.38,1473.31
2023-12-09,Printer,Accessories,South,Charlie,11,1767.53,19442.82,11908.67,7534.15
2023-04-18,Monitor,Accessories,East,Alice,6,1548.39,9290.32,6842.1,2448.23
2023-06-07,Printer,Accessories,West,Diana,16,1568.55,25096.81,18982.95,6113.86
2022-02-05,Printer,Accessories,West,Charlie,12,338.55,4062.54,2458.18,1604.36
2023-07-09,Monitor,Accessories,North,Diana,15,1633.6,24503.93,15586.02,8917.91
2022-10-27,Tablet,Electronics,South,Bob,6,927.46,5564.79,3893.29,1671.5
2022-10-09,Tablet,Electronics,East,Charlie,1,1504.15,1504.15,1003.24,500.91
2023-12-23,Printer,Accessories,West,Charlie,12,102.57,1230.86,849.22,381.64
2023-09-07,Laptop,Electronics,West,Alice,4,1141.93,4567.7,3945.48,622.23
2022-11-28,Laptop,Electronics,South,Alice,19,144.83,2751.78,2392.86,358.92
2022-07-02,Laptop,Electronics,West,Alice,1,1251.68,1251.68,860.33,391.35
2022-06-27,Laptop,Electronics,South,Charlie,13,856.21,11130.73,7689.94,3440.79
2022-01-23,Tablet,Electronics,East,Charlie,3,1449.26,4347.77,3831.32,516.46
2022-02-22,Printer,Accessories,East,Bob,2,1019.75,2039.49,1681.02,358.47
2022-09-05,Monitor,Accessories,East,Alice,12,209.9,2518.85,2235.07,283.78
2023-08-26,Laptop,Electronics,West,Bob,9,554.4,4989.62,3788.22,1201.39
2022-10-04,Monitor,Accessories,East,Diana,18,1324.72,23845.02,18322.23,5522.79
2023-03-17,Smartphone,Electronics,North,Diana,9,489.46,4405.18,3602.06,803.12
2023-12-09,Monitor,Accessories,West,Diana,7,367.53,2572.68,2023.99,548.69
2023-02-09,Monitor,Accessories,West,Alice,10,698.78,6987.79,4771.76,2216.03
2023-10-28,Laptop,Electronics,West,Alice,13,1641.14,21334.76,16871.24,4463.52
2023-03-31,Laptop,Electronics,South,Alice,15,411.37,6170.61,4892.34,1278.27
2022-04-11,Printer,Accessories,North,Alice,1,755.87,755.87,661.57,94.3
2023-12-28,Tablet,Electronics,East,Bob,15,215.19,3227.92,2604.93,622.99
2022-03-09,Tablet,Electronics,North,Bob,17,1868.15,31758.6,23793.34,7965.26
2023-06-29,Monitor,Accessories,North,Alice,9,950.58,8555.22,5477.75,3077.46
2023-10-09,Tablet,Electronics,East,Bob,18,673.64,12125.55,10043.92,2081.64
2022-12-20,Smartphone,Electronics,North,Diana,14,244.85,3427.96,2339.28,1088.68
2022-03-25,Monitor,Accessories,North,Alice,18,1139.03,20502.6,13410.59,7092.01
2023-04-27,Monitor,Accessories,East,Alice,3,414.92,1244.77,913.24,331.53
2023-08-18,Laptop,Electronics,South,Charlie,12,1805.58,21666.98,17383.52,4283.46
2023-11-24,Monitor,Accessories,North,Charlie,17,1964.27,33392.52,27981.02,5411.5
2023-01-13,Monitor,Accessories,West,Alice,11,844.53,9289.84,7410.82,1879.02
2022-07-25,Smartphone,Electronics,North,Alice,9,474.16,4267.43,3778.51,488.92
2022-11-21,Laptop,Electronics,South,Diana,16,872.68,13962.89,12369.81,1593.08
2022-01-27,Laptop,Electronics,East,Charlie,12,593.13,7117.55,5203.63,1913.92
2023-11-24,Printer,Accessories,South,Alice,19,434.58,8257.05,5484.22,2772.82
2023-07-03,Smartphone,Electronics,West,Diana,18,1964.24,35356.28,23230.22,12126.06
2023-03-25,Monitor,Accessories,East,Diana,19,1491.03,28329.63,20015.23,8314.4
2023-09-26,Monitor,Accessories,East,Alice,17,1924.26,32712.38,24744.88,7967.5
2022-02-24,Laptop,Electronics,North,Bob,2,1937.4,3874.8,2781.48,1093.32
2022-11-11,Laptop,Electronics,East,Alice,10,1006.11,10061.1,8204.82,1856.28
2022-11-11,Monitor,Accessories,West,Diana,15,540.88,8113.14,5983.2,2129.94
2022-01-01,Laptop,Electronics,West,Diana,17,409.13,6955.2,5352.21,1603.0
2023-06-26,Printer,Accessories,West,Charlie,12,123.0,1475.95,889.57,586.38
2023-06-19,Monitor,Accessories,West,Alice,5,816.27,4081.36,3124.68,956.68
2022-05-20,Tablet,Electronics,North,Bob,11,187.51,2062.59,1737.57,325.01
2022-05-30,Smartphone,Electronics,North,Diana,8,1711.28,13690.24,11207.63,2482.61
2023-04-19,Printer,Accessories,West,Diana,5,567.03,2835.17,2043.67,791.5
2023-08-31,Monitor,Accessories,North,Diana,12,1358.62,16303.5,10361.7,5941.8
2023-07-03,Laptop,Electronics,West,Alice,9,392.23,3530.1,3166.59,363.51
2023-01-11,Smartphone,Electronics,North,Diana,2,1987.18,3974.37,2438.17,1536.2
2023-12-18,Smartphone,Electronics,North,Bob,7,806.28,5643.93,4050.86,1593.07
2022-05-06,Tablet,Electronics,East,Diana,3,209.64,628.91,461.18,167.72
2023-12-26,Laptop,Electronics,North,Diana,14,1281.88,17946.25,16110.94,1835.32
